,lat,lon,timestamp,amenity,shop,leisure,name,tags
0,49.2162667,-122.9888517,2023-07-27 03:48:07+00:00,education,,,All Saints Anglican Church,"{'amenity': 'place_of_worship', 'name': 'All Saints Anglican Church', 'religion': 'christian'}"
1,49.2195913,-122.9270527,2023-07-27 03:48:07+00:00,education,,,Westminster Seventh Day Adventist Church,"{'addr:housenumber': '7925', 'addr:street': 'Tenth Avenue', 'amenity': 'place_of_worship', 'name': 'Westminster Seventh Day Adventist Church', 'religion': 'christian'}"
2,49.2196859,-122.927988,2023-07-27 03:48:07+00:00,education,,,Honey Bees Studio Daycare,"{'addr:city': 'Burnaby', 'addr:housenumber': '7854', 'addr:street': '6th Street', 'amenity': 'childcare', 'name': 'Honey Bees Studio Daycare', 'phone': '+1-604-527-6760', 'website': 'https://honeybeesstudiodaycare.ca'}"
3,49.2826072,-123.0006149,2023-07-27 03:48:07+00:00,education,,,McGill Library,"{'addr:city': 'Burnaby', 'addr:housenumber': '4595', 'addr:postcode': 'V5C 2G6', 'addr:street': 'Albert Street', 'amenity': 'library', 'name': 'McGill Library', 'opening_hours': 'Mo-Fr 10:00-21:00; Sa 10:00-16:00; Su 12:00-17:00', 'operator': 'Burnaby Public Library', 'phone': '+1-604-299-8955', 'website': 'https://www.bpl.bc.ca/'}"
4,49.2330793,-123.0143007,2023-07-27 03:48:07+00:00,education,,,Kingsway Church,"{'addr:city': 'Burnaby', 'addr:housenumber': '4061', 'addr:postcode': 'V5H 1Z1', 'addr:street': 'Kingsway', 'amenity': 'place_of_worship', 'name': 'Kingsway Church', 'phone': '+1-604-437-3748', 'religion': 'christian'}"
5,49.2330789,-123.015554,2023-07-27 03:48:07+00:00,education,,,CEFA Early Learning,"{'addr:city': 'Burnaby', 'addr:housenumber': '4021', 'addr:postcode': 'V5H 1Y9', 'addr:street': 'Kingsway', 'amenity': 'kindergarten', 'check_date': '2023-05-05', 'email': 'kingsway@cefa.ca', 'name': 'CEFA Early Learning', 'opening_hours': 'Mo-Fr 7:30-17:30', 'phone': '+1-604-568-8808', 'website': 'https://cefa.ca/cefa-find-a-school/burnaby-kingsway/'}"
6,49.2253539,-122.998933,2023-07-27 03:48:07+00:00,education,,,Jellybeans,"{'amenity': 'childcare', 'level': '1', 'name': 'Jellybeans'}"
7,49.2286548,-123.005213,2023-07-27 03:48:07+00:00,education,,,Chinese Christian Mission Centre,"{'addr:housenumber': '4533', 'addr:street': 'Kingsborough Street', 'amenity': 'place_of_worship', 'email': 'burnaby@ccmcanada.org', 'level': '1', 'name': 'Chinese Christian Mission Centre', 'phone': '+1-604-877-8606', 'religion': 'christian', 'website': 'https://www.ccmcanada.org/'}"
8,49.2721219,-122.9552674,2023-07-27 03:48:07+00:00,education,,,Morning Star Family Child Care,"{'addr:city': 'Burnaby', 'addr:housenumber': '1345', 'addr:postcode': 'V5A2N9', 'addr:province': 'British Columbia', 'addr:street': 'Aldrin Place', 'amenity': 'childcare', 'name': 'Morning Star Family Child Care', 'website': 'https://morningstarfamilychildcare.team/photos.html'}"
9,49.2160078,-122.9850773,2023-07-27 03:48:07+00:00,education,,,British Columbia School for the Deaf,"{'addr:housenumber': '5455', 'addr:street': 'Rumble Street', 'amenity': 'school', 'name': 'British Columbia School for the Deaf', 'wikidata': 'Q4969757', 'wikipedia': 'en:British Columbia School for the Deaf'}"
10,49.2507839,-122.9874199,2023-07-27 03:48:07+00:00,education,,,Take a Hike Program,"{'amenity': 'school', 'name': 'Take a Hike Program', 'website': 'https://www.takeahikefoundation.org/locations-burnaby'}"
11,49.2750147,-122.9708143,2023-07-27 03:48:07+00:00,education,,,Faith Lutheran Preschool,"{'addr:housenumber': '1005', 'addr:street': 'Kensington Avenue', 'amenity': 'kindergarten', 'email': 'faithpreschoolbby@gmail.com', 'name': 'Faith Lutheran Preschool', 'phone': '+1-604-299-3915', 'preschool': 'yes', 'website': 'https://www.faithlutheranpreschool.ca/'}"
12,49.2266253,-122.9212807,2023-07-27 03:48:07+00:00,education,,,Beehive Christian Preschool,"{'addr:housenumber': '8255', 'addr:street': '13th Avenue', 'amenity': 'kindergarten', 'email': 'info@beehivepreschool.ca', 'name': 'Beehive Christian Preschool', 'operator': 'New West Christian Reform Church', 'operator:type': 'religious', 'phone': '+1-604-521-6601', 'preschool': 'yes', 'website': 'http://www.beehivepreschool.ca/'}"
13,49.2823497,-123.0189688,2023-07-27 03:48:07+00:00,education,,,Aurora Montessori Children's House,"{'addr:housenumber': '3895', 'addr:street': 'Albert Street', 'amenity': 'kindergarten', 'email': 'auroramontessori18@gmail.com', 'name': ""Aurora Montessori Children's House"", 'opening_hours': 'Mo-Fr 08:00-17:30', 'phone': '+1-778-723-4585', 'preschool': 'yes', 'website': 'https://aurora-montessori.ca/'}"
14,49.2806936,-122.9902083,2023-07-27 03:48:07+00:00,education,,,YUS Montessori School Burnaby,"{'addr:housenumber': '380', 'addr:street': 'Hythe Avenue', 'amenity': 'kindergarten', 'email': 'info@yusmontessori.com', 'name': 'YUS Montessori School Burnaby', 'phone': '+1-604-330-9673', 'preschool': 'yes', 'website': 'https://www.yusmontessori.com/'}"
15,49.269553,-122.9772986,2023-07-27 03:48:07+00:00,education,,,Parkcrest Children's Centre,"{'addr:housenumber': '6040', 'addr:street': 'Winch Street', 'amenity': 'kindergarten', 'email': 'info@parkcrestchildcaresociety.ca', 'name': ""Parkcrest Children's Centre"", 'phone': '+1-604-294-6224', 'website': 'https://www.parkcrestchildcaresociety.ca/'}"
16,49.2497196,-122.975596,2023-07-27 03:48:07+00:00,education,,,Burnaby Montessori School,"{'addr:housenumber': '3905', 'addr:street': 'Norland Avenue', 'amenity': 'school', 'email': 'info@burnabymontessori.com', 'grades': 'K-1', 'name': 'Burnaby Montessori School', 'phone': '+1-604-298-1661', 'preschool': 'yes', 'website': 'https://burnabymontessori.com/'}"
17,49.2793761,-122.95215,2023-07-27 03:48:07+00:00,education,,,Puddle Splashers Childcare Society,"{'addr:housenumber': '7231', 'addr:street': 'Frances Street', 'amenity': 'childcare', 'email': 'info@puddlesplashers.com', 'name': 'Puddle Splashers Childcare Society', 'phone': '+1-604-291-2410', 'website': 'https://puddlesplashers.com/'}"
18,49.2329912,-123.0182297,2023-07-27 03:48:07+00:00,education,,,IFGF Church,"{'addr:city': 'Burnaby', 'addr:housenumber': '3891', 'addr:street': 'Kingsway', 'amenity': 'place_of_worship', 'name': 'IFGF Church', 'religion': 'christian'}"
19,49.2541224,-123.0138211,2023-07-27 03:48:07+00:00,education,,,The Ismaili Centre Burnaby,"{'addr:housenumber': '4010', 'addr:street': 'Canada Way', 'amenity': 'place_of_worship', 'denomination': 'ismaili', 'name': 'The Ismaili Centre Burnaby', 'phone': '+1-604-438-4010', 'religion': 'muslim', 'website': 'https://the.ismaili/ismailicentres/the-ismaili-centre-burnaby'}"
20,49.2716968,-123.0024269,2023-07-27 03:48:07+00:00,education,,,St. Timothy Anglican Chuch,"{'addr:housenumber': '4550', 'addr:street': 'Kitchener Street', 'amenity': 'place_of_worship', 'denomination': 'anglican', 'name': 'St. Timothy Anglican Chuch', 'phone': '+1-604-299-6816', 'religion': 'christian', 'service_times': 'Su 10:00', 'website': 'https://www.sainttimothy.ca/'}"
21,49.2139172,-122.937845,2023-07-27 03:48:07+00:00,education,,,Our Lady of Mercy,"{'addr:city': 'Burnaby', 'addr:housenumber': '7455', 'addr:street': 'Tenth Avenue', 'amenity': 'place_of_worship', 'denomination': 'catholic', 'fax': '+1-604-517-1618', 'name': 'Our Lady of Mercy', 'phone': '+1-604-522-5733', 'religion': 'christian', 'website': 'http://www.olmp.org/'}"
22,49.2235456,-122.9329695,2023-07-27 03:48:07+00:00,education,,,Westminster Bible Chapel,"{'addr:housenumber': '7540', 'addr:street': '6th Street', 'amenity': 'place_of_worship', 'denomination': 'none', 'email': 'info@wbchapel.com', 'fax': '+1-604-522-0508', 'name': 'Westminster Bible Chapel', 'phone': '+1-604-522-9311', 'religion': 'christian', 'website': 'https://www.wbchapel.com/'}"
23,49.2537242,-123.0231481,2023-07-27 03:48:07+00:00,education,,,Sir Andrew's Daycare,"{'addr:housenumber': '3410', 'addr:street': 'Boundary Road', 'amenity': 'childcare', 'fax': '+1-604-437-3098', 'name': ""Sir Andrew's Daycare"", 'phone': '+1-604-437-6942', 'website': 'http://www.sirandrews.com/contact_boundary.html'}"
24,49.2812369,-123.01603,2023-07-27 03:48:07+00:00,education,,,P-Wee Early Learning Centre,"{'addr:housenumber': '4001', 'addr:street': 'Hastings Street', 'amenity': 'childcare', 'email': 'p.wee4001@gmail.com', 'name': 'P-Wee Early Learning Centre', 'opening_hours': 'Mo-Fr 07:30-17:30', 'website': 'https://www.p-wee.com/'}"
25,49.2218403,-122.9349779,2023-07-27 03:48:07+00:00,education,,,True Jesus Church,"{'addr:housenumber': '7772', 'addr:street': 'Graham Avenue', 'amenity': 'place_of_worship', 'name': 'True Jesus Church', 'religion': 'christian', 'website': 'https://tjc.ca/burnaby/'}"
26,49.2793246,-122.9614445,2023-07-27 03:48:07+00:00,education,,,Puddle Splashers Childcare Society,"{'amenity': 'childcare', 'name': 'Puddle Splashers Childcare Society'}"
27,49.2795144,-122.9609697,2023-07-27 03:48:07+00:00,education,,,Puddle Splashers Childcare Society,"{'amenity': 'childcare', 'name': 'Puddle Splashers Childcare Society'}"
28,49.2716962,-123.0023448,2023-07-27 03:48:07+00:00,education,,,Vancouver Dream Church,"{'amenity': 'place_of_worship', 'name': 'Vancouver Dream Church', 'religion': 'christian', 'website': 'http://vandreamchurch.org/'}"
29,49.239201,-123.0195955,2023-07-27 03:48:07+00:00,education,,,Little Einstein Children's Centre,"{'addr:housenumber': '5014', 'addr:street': 'Smith Avenue', 'amenity': 'kindergarten', 'name': ""Little Einstein Children's Centre"", 'phone': '+1-604-437-3211', 'survey:date': '2021-08-23'}"
30,49.2642876,-122.9145318,2023-07-27 03:48:07+00:00,education,,,Forest Grove Childcare Centre,"{'addr:unit': '33', 'amenity': 'childcare', 'name': 'Forest Grove Childcare Centre', 'website': 'https://www.forestgrovechildcare.com/'}"
31,49.2538699,-123.0193752,2023-07-27 03:48:07+00:00,education,,,Tian-Jin Temple,"{'addr:housenumber': '3426', 'addr:street': 'Smith Avenue', 'amenity': 'place_of_worship', 'name': 'Tian-Jin Temple', 'opening_hours': 'Mo-Sa 08:00-21:00; Su 08:00-17:00', 'phone': '+1-604-568-9880', 'religion': 'taoist', 'website': 'https://tianjintemple.org/en/'}"
32,49.282318599999996,-122.9799692,2023-07-27 03:48:07+00:00,education,,,Capitol Hill Child Care Centre,"{'amenity': 'childcare', 'name': 'Capitol Hill Child Care Centre'}"
33,49.2231799,-122.9413972,2023-07-27 03:48:07+00:00,education,,,St. Matthews Day Care Society,"{'addr:housenumber': '7355', 'addr:street': 'Canada Way', 'addr:unit': '103', 'amenity': 'childcare', 'name': 'St. Matthews Day Care Society', 'operator': 'St. Matthews Day Care Society'}"
34,49.2252737,-122.9383128,2023-07-27 03:48:07+00:00,education,,,Eagles Learning,"{'amenity': 'childcare', 'name': 'Eagles Learning'}"
35,49.2190453,-122.9531495,2023-07-27 03:48:07+00:00,education,,,The Neighbourhood Church,"{'addr:housenumber': '7135', 'addr:street': 'Walker Avenue', 'amenity': 'place_of_worship', 'name': 'The Neighbourhood Church', 'religion': 'christian', 'service_times': 'Su 11:00', 'website': 'http://www.southside.ca/locations/edmonds-town-centre/'}"
