,lat,lon,timestamp,amenity,shop,leisure,name,tags
0,49.2764839,-122.9202581,2023-07-27 03:48:07+00:00,,,entertainment,Children's Adventure Playground,"{'leisure': 'park', 'name': ""Children's Adventure Playground""}"
1,49.2613438,-122.9182525,2023-07-27 03:48:07+00:00,,,entertainment,"""Teribithia""","{'leisure': 'park', 'name': '""Teribithia""'}"
2,49.21633,-122.984662,2023-07-27 03:48:07+00:00,entertainment,,,Michael J. Fox Theatre,"{'addr:city': 'Burnaby', 'addr:housenumber': '7373', 'addr:postcode': 'V5J 2B7', 'addr:street': 'MacPherson Avenue', 'amenity': 'theatre', 'name': 'Michael J. Fox Theatre', 'name:etymology:wikidata': 'Q395274', 'name:etymology:wikipedia': 'en:Michael_J._Fox', 'phone': '+1-604-664-8875', 'website': 'https://www.michaeljfoxtheatre.ca/', 'wheelchair': 'yes'}"
3,49.2288514,-123.005864,2023-07-27 03:48:07+00:00,entertainment,,,RCMP Southwest Community Police Office,"{'addr:city': 'Burnaby', 'addr:housenumber': '4501', 'addr:postcode': 'V5H 4V3', 'addr:street': 'Kingsborough Street', 'amenity': 'police', 'fax': '+1-604-646-9596', 'name': 'RCMP Southwest Community Police Office', 'opening_hours': 'Mo-Fr 08:00-12:00,13:00-16:00', 'operator': 'Royal Canadian Mounted Police', 'operator:short': 'RCMP', 'operator:wikidata': 'Q335175', 'operator:wikipedia': 'en:Royal Canadian Mounted Police', 'phone': '+1-604-646-9595', 'website': 'https://bc-cb.rcmp-grc.gc.ca/ViewPage.action?siteNodeId=930&languageId=1&contentId=15496'}"
4,49.2269239,-123.0020086,2023-07-27 03:48:07+00:00,entertainment,,,Jellybean Park,"{'amenity': 'community_centre', 'level': '1', 'name': 'Jellybean Park', 'name:en': 'Jellybean Park'}"
5,49.2272203,-122.9994254,2023-07-27 03:48:07+00:00,entertainment,,,CHQ,"{'amenity': 'community_centre', 'level': '1', 'name': 'CHQ', 'name:en': 'CHQ', 'wheelchair': 'yes'}"
6,49.2505823,-122.8958192,2023-07-27 03:48:07+00:00,entertainment,,,Family Lounge,"{'amenity': 'community_centre', 'check_date': '2023-02-25', 'name': 'Family Lounge', 'name:en': 'Family Lounge'}"
7,49.2150615,-122.9385781,2023-07-27 03:48:07+00:00,entertainment,,,The Stanjean Center,"{'amenity': 'community_centre', 'name': 'The Stanjean Center', 'name:en': 'The Stanjean Center'}"
8,49.2237082,-122.987956,2023-07-27 03:48:07+00:00,entertainment,,,Royal Canadian Legion - Branch 83 (South Burnaby),"{'addr:housenumber': '5289', 'addr:street': 'Grimmer Street', 'amenity': 'social_centre', 'brand': 'Royal Canadian Legion', 'brand:wikidata': 'Q3270231', 'brand:wikipedia': 'en:Royal Canadian Legion', 'name': 'Royal Canadian Legion - Branch 83 (South Burnaby)', 'phone': '+1-604-568-2911', 'short_name': 'RCL', 'website': 'http://www.rclbr83.ca/'}"
9,49.2793,-122.921222,2023-07-27 03:48:07+00:00,,,entertainment,SFU Aquatic Centre,"{'access': 'yes', 'leisure': 'sports_centre', 'location': 'indoor', 'name': 'SFU Aquatic Centre', 'operator': 'SFU', 'sport': 'swimming', 'swimming_pool': 'indoor', 'website': 'https://sfurec.ca/sports/2021/5/18/private-swim-lessons.aspx'}"
10,49.2430917,-122.969155,2023-07-27 03:48:07+00:00,,,entertainment,Burnaby Winter Club,"{'addr:city': 'Burnaby', 'addr:housenumber': '4990', 'addr:street': 'Canada Way', 'club': 'sport', 'email': 'info@bwchockey.com', 'leisure': 'sports_centre', 'name': 'Burnaby Winter Club', 'phone': '+1-604-299-7788', 'sport': 'hockey;ice_skating', 'website': 'https://www.burnabywinterclub.com/'}"
11,49.2785822,-122.977425,2023-07-27 03:48:07+00:00,,,entertainment,762's Field,"{'leisure': 'park', 'name': ""762's Field""}"
12,49.2822746,-123.0012064,2023-07-27 03:48:07+00:00,entertainment,,,Confederation Community Centre,"{'addr:housenumber': '4585', 'addr:street': 'Albert Street', 'amenity': 'community_centre', 'community_centre:for': 'senior', 'name': 'Confederation Community Centre', 'opening_hours': 'Mo-Fr 08:45-17:00', 'operator': 'City of Burnaby', 'operator:type': 'government', 'phone': '+1-604-294-1936', 'website': 'https://www.burnaby.ca/Things-To-Do/Community-Centres/Seniors-Centres/Confederation.html'}"
13,49.217469,-122.9660363,2023-07-27 03:48:07+00:00,entertainment,,,Alan Emmott Centre,"{'addr:housenumber': '6650', 'addr:street': 'Southoaks Crescent', 'amenity': 'community_centre', 'community_centre': 'community_hall', 'email': 'aerentals@burnaby.ca', 'name': 'Alan Emmott Centre', 'phone': '+1-604-320-2217', 'website': 'https://www.burnaby.ca/City-Services/Rentals-And-Catering/Banquets-And-Weddings/Alan-Emmott-Centre.html'}"
14,49.2798793,-122.964343,2023-07-27 03:48:07+00:00,entertainment,,,Lochdale Community Hall,"{'amenity': 'community_centre', 'community_centre': 'community_hall', 'name': 'Lochdale Community Hall', 'operator': 'Lochdale Community Hall Association', 'operator:type': 'private_non_profit', 'phone': '+1-604-817-3845'}"
15,49.2813869,-123.011781,2023-07-27 03:48:07+00:00,entertainment,,,RCMP Hastings-Brentwood Community Police Office,"{'addr:housenumber': '4191', 'addr:street': 'Hastings Street', 'addr:unit': '104', 'amenity': 'police', 'fax': '+1-604-646-9535', 'name': 'RCMP Hastings-Brentwood Community Police Office', 'opening_hours': 'Mo-Fr 08:00-12:00,13:00-16:00', 'operator': 'Royal Canadian Mounted Police', 'operator:short': 'RCMP', 'operator:wikidata': 'Q335175', 'operator:wikipedia': 'en:Royal Canadian Mounted Police', 'phone': '+1-604-646-9533', 'website': 'https://bc-cb.rcmp-grc.gc.ca/ViewPage.action?siteNodeId=930&contentId=15495'}"
16,49.2519477,-122.896817,2023-07-27 03:48:07+00:00,entertainment,,,RCMP Lougheed Community Police Office,"{'addr:housenumber': '9855', 'addr:street': 'Austin Avenue', 'addr:unit': '178', 'amenity': 'police', 'fax': '+1-604-646-9558', 'name': 'RCMP Lougheed Community Police Office', 'opening_hours': 'Mo-Fr 08:00-12:00,13:00-16:00', 'operator': 'Royal Canadian Mounted Police', 'operator:short': 'RCMP', 'operator:wikidata': 'Q335175', 'operator:wikipedia': 'en:Royal Canadian Mounted Police', 'phone': '+1-604-646-9559', 'website': 'https://bc-cb.rcmp-grc.gc.ca/ViewPage.action?siteNodeId=930&languageId=1&contentId=15502'}"
17,49.2195047,-122.9556629,2023-07-27 03:48:07+00:00,entertainment,,,RCMP Donald N. Brown Community Police Office,"{'addr:housenumber': '7191', 'addr:street': 'Arcola Way', 'amenity': 'police', 'fax': '+1-604-646-9578', 'name': 'RCMP Donald N. Brown Community Police Office', 'opening_hours': 'Mo-Fr 08:00-12:00,13:00-16:00', 'operator': 'RCMP', 'phone': '+1-604-646-9577', 'website': 'https://bc-cb.rcmp-grc.gc.ca/ViewPage.action?siteNodeId=930&languageId=1&contentId=15492'}"
18,49.2451573,-122.9120597,2023-07-27 03:48:07+00:00,entertainment,,,South Coast Highway Patrol,"{'addr:city': 'Burnaby', 'addr:housenumber': '9060', 'addr:street': 'Stormont Avenue', 'amenity': 'police', 'name': 'South Coast Highway Patrol', 'operator': 'Royal Canadian Mounted Police', 'operator:short': 'RCMP', 'operator:wikidata': 'Q335175', 'operator:wikipedia': 'en:Royal Canadian Mounted Police'}"
19,49.2215406,-122.985197,2023-07-27 03:48:07+00:00,entertainment,,,Portuguese Canadian Seniors Foundation,"{'addr:city': 'Burnaby', 'addr:housenumber': '5455', 'addr:postcode': 'V5J 1E5', 'addr:street': 'Imperial Street', 'amenity': 'community_centre', 'name': 'Portuguese Canadian Seniors Foundation'}"
20,49.2673014,-123.0020635,2023-07-27 03:48:07+00:00,entertainment,,,Cineplex,"{'amenity': 'cinema', 'brand': 'Cineplex', 'brand:wikidata': 'Q2972807', 'brand:wikipedia': 'en:Cineplex Entertainment', 'name': 'Cineplex'}"
21,49.2147042,-122.991573,2023-07-27 03:48:07+00:00,entertainment,,,Community Hall,"{'addr:housenumber': '5024', 'addr:street': 'Rumble Street', 'amenity': 'community_centre', 'name': 'Community Hall', 'operator': 'Burnaby Neighbourhood House', 'operator:type': 'community', 'phone': '+1-604-431-0400'}"
22,49.225793,-122.9382297,2023-07-27 03:48:07+00:00,entertainment,,,Royal Palace Banquet Hall,"{'addr:housenumber': '7845', 'addr:street': 'Edmonds Street', 'amenity': 'events_venue', 'email': 'royalpalace7845@gmail.com', 'name': 'Royal Palace Banquet Hall', 'phone': '+1-604-521-6969;+1-604-723-4800', 'website': 'https://www.royalpalacehall.ca/'}"
23,49.2644536,-122.914492,2023-07-27 03:48:07+00:00,entertainment,,,Southside Community Place,"{'addr:unit': '30', 'amenity': 'community_centre', 'name': 'Southside Community Place', 'operator': 'Southside Community Church', 'operator:type': 'private_non_profit', 'website': 'http://www.southside.ca/locations/forest-grove/'}"
24,49.2796034,-122.9235028,2023-07-27 03:48:07+00:00,,,entertainment,SFU Climbing Wall,"{'leisure': 'sports_centre', 'name': 'SFU Climbing Wall', 'sport': 'climbing', 'website': 'https://sfurec.ca/sports/2021/4/27/instructional-programs.aspx'}"
25,49.2256182,-122.9377117,2023-07-27 03:48:07+00:00,,,entertainment,Tumble City,"{'addr:housenumber': '7844', 'addr:street': 'Edmonds Street', 'leisure': 'sports_hall', 'name': 'Tumble City', 'operator': 'Royal City Cheer', 'sport': 'gymnastics;parkour', 'website': 'https://www.royalcitycheer.com/'}"
26,49.224306,-122.9402822,2023-07-27 03:48:07+00:00,entertainment,,,100F Hall,"{'addr:housenumber': '7728', 'addr:street': 'Edmonds Street', 'amenity': 'social_centre', 'name': '100F Hall', 'operator': 'Royal City No. 3 Lodge'}"
27,49.2650418,-123.005764,2023-07-27 03:48:07+00:00,entertainment,,,Celeste Redman Community Resource Centre,"{'addr:housenumber': '2038', 'addr:street': 'Rosser Avenue', 'amenity': 'community_centre', 'name': 'Celeste Redman Community Resource Centre'}"
