,lat,lon,timestamp,amenity,shop,leisure,name,tags
0,49.2794746,-122.969358,2023-07-27 03:48:07+00:00,healthcare,,,Shoppers Drug Mart,"{'addr:housenumber': '6508', 'addr:street': 'Hastings Street', 'amenity': 'pharmacy', 'brand': 'Shoppers Drug Mart', 'brand:wikidata': 'Q1820137', 'brand:wikipedia': 'en:Shoppers Drug Mart', 'email': 'asdm214@shoppersdrugmart.ca', 'fax': '+1-604-291-6828', 'healthcare': 'pharmacy', 'name': 'Shoppers Drug Mart', 'opening_hours': 'Mo-Su 08:00-00:00', 'phone': '+1-604-291-0638', 'website': 'https://stores.shoppersdrugmart.ca/en/store/214/'}"
1,49.2516714,-122.89643,2023-07-27 03:48:07+00:00,healthcare,shopMall,,London Drugs,"{'addr:city': 'Burnaby', 'addr:housenumber': '9855', 'addr:street': 'Austin Avenue', 'amenity': 'pharmacy', 'brand': 'London Drugs', 'brand:wikidata': 'Q3258955', 'brand:wikipedia': 'en:London Drugs', 'check_date': '2023-02-28', 'dispensing': 'yes', 'healthcare': 'pharmacy', 'name': 'London Drugs', 'opening_hours': 'Mo-Su 10:00-21:00', 'operator': 'London Drugs Limited', 'shop': 'department_store', 'website': 'http://lougheedtowncentre.com'}"
2,49.2488066,-123.000389,2023-07-27 03:48:07+00:00,healthcare,,,BCIT Student Health Services,"{'amenity': 'clinic', 'healthcare': 'clinic', 'name': 'BCIT Student Health Services', 'note': 'first aid'}"
3,49.2518042,-123.0001087,2023-07-27 03:48:07+00:00,healthcare,,,BCIT First Aid,"{'amenity': 'clinic', 'healthcare': 'clinic', 'name': 'BCIT First Aid'}"
4,49.2687081,-122.9997696,2023-07-27 03:48:07+00:00,healthcare,,,London Drugs,"{'addr:housenumber': '4567', 'addr:street': 'Lougheed Highway', 'amenity': 'pharmacy', 'brand': 'London Drugs', 'brand:wikidata': 'Q3258955', 'brand:wikipedia': 'en:London Drugs', 'healthcare': 'pharmacy', 'name': 'London Drugs'}"
5,49.2192229,-122.928227,2023-07-27 03:48:07+00:00,healthcare,,,Burnaby Square Pharmacy,"{'addr:city': 'Burnaby', 'addr:housenumber': '7885', 'addr:postcode': 'V3N 3N4', 'addr:street': '6th Street', 'addr:unit': '107', 'amenity': 'pharmacy', 'building:levels': '0', 'dispensing': 'yes', 'healthcare': 'pharmacy', 'name': 'Burnaby Square Pharmacy', 'wheelchair': 'yes'}"
6,49.21907,-122.92826,2023-07-27 03:48:07+00:00,healthcare,,,Welcome Medical Clinic,"{'addr:city': 'Burnaby', 'addr:housenumber': '7885', 'addr:postcode': 'V3N 3N4', 'addr:street': '6th Street', 'addr:unit': '105', 'amenity': 'doctors', 'building:levels': '0', 'email': 'welcomeappointments@gmail.com', 'fax': '+1-604-526-1304', 'healthcare': 'doctor', 'name': 'Welcome Medical Clinic', 'phone': '+1-604-526-1303', 'website': 'http://welcomemedical.ca/'}"
7,49.2198196,-122.928156,2023-07-27 03:48:07+00:00,healthcare,,,BaroMedical Hyperbaric Oxygen Clinic,"{'amenity': 'doctors', 'healthcare': 'doctor', 'name': 'BaroMedical Hyperbaric Oxygen Clinic'}"
8,49.2275437,-122.9960122,2023-07-27 03:48:07+00:00,healthcare,,,Shoppers Drug Mart,"{'addr:housenumber': '4827', 'addr:postcode': 'V5H 4T6', 'addr:street': 'Kingsway', 'amenity': 'pharmacy', 'brand': 'Shoppers Drug Mart', 'brand:wikidata': 'Q1820137', 'brand:wikipedia': 'en:Shoppers Drug Mart', 'dispensing': 'yes', 'healthcare': 'pharmacy', 'name': 'Shoppers Drug Mart', 'website': 'https://www1.shoppersdrugmart.ca/'}"
9,49.2006345,-122.9811046,2023-07-27 03:48:07+00:00,healthcare,,,Marine Way Dental Centre,"{'amenity': 'dentist', 'healthcare': 'dentist', 'name': 'Marine Way Dental Centre', 'opening_hours': 'We,Th 00:00-21:00; Fr 09:00-18:00; Sa 09:00-16:00'}"
10,49.1992983,-122.9810252,2023-07-27 03:48:07+00:00,healthcare,,,London Drugs,"{'addr:housenumber': '7280', 'addr:street': 'Marine Way', 'amenity': 'pharmacy', 'brand': 'London Drugs', 'brand:wikidata': 'Q3258955', 'brand:wikipedia': 'en:London Drugs', 'check_date:opening_hours': '2022-07-23', 'healthcare': 'pharmacy', 'name': 'London Drugs', 'opening_hours': 'Mo-Sa 09:00-22:00; PH,Su 10:00-20:00', 'wheelchair': 'yes'}"
11,49.2791941,-122.966883,2023-07-27 03:48:07+00:00,healthcare,,,Safeway Pharmacy,"{'amenity': 'pharmacy', 'dispensing': 'yes', 'email': 'rx4913@sobeys.com', 'fax': '+1-604-291-1339', 'healthcare': 'pharmacy', 'name': 'Safeway Pharmacy', 'opening_hours': 'Mo-Fr 09:00-20:00; Sa-Su 10:00-18:00', 'phone': '+1-604-291-0118'}"
12,49.2259279,-122.993216,2023-07-27 03:48:07+00:00,healthcare,,,London Drugs,"{'addr:housenumber': '4970', 'addr:postcode': 'V5H 2E2', 'addr:street': 'Kingsway', 'amenity': 'pharmacy', 'brand': 'London Drugs', 'brand:wikidata': 'Q3258955', 'brand:wikipedia': 'en:London Drugs', 'dispensing': 'yes', 'drive_through': 'no', 'healthcare': 'pharmacy', 'name': 'London Drugs', 'opening_hours': 'Mo-Fr 08:00-21:00; Sa 09:00-21:00; Su 10:00-20:00; PH 10:00-20:00', 'phone': '+1-604-448-4806', 'website': 'https://www.londondrugs.com/london-drugs-store-006-burnaby/kingsway-plaza-006.html', 'wheelchair': 'yes'}"
13,49.2225509,-122.9324123,2023-07-27 03:48:07+00:00,healthcare,,,Fairway Drug Mart,"{'amenity': 'pharmacy', 'healthcare': 'pharmacy', 'name': 'Fairway Drug Mart'}"
14,49.2330342,-123.016069,2023-07-27 03:48:07+00:00,healthcare,,,ARTA Dental,"{'addr:city': 'Burnaby', 'addr:housenumber': '3999', 'addr:postcode': 'V5H 1Y8', 'addr:street': 'Kingsway', 'amenity': 'dentist', 'email': 'info@artadental.com', 'healthcare': 'dentist', 'name': 'ARTA Dental', 'phone': '+1-604-437-7723', 'website': 'https://www.artadental.com/'}"
15,49.2271738,-122.994772,2023-07-27 03:48:07+00:00,healthcare,,,Alpine Dental,"{'addr:housenumber': '4881', 'addr:street': 'Kingsway', 'amenity': 'dentist', 'email': 'Alpine_Dental@Hotmail.com', 'fax': '+1-604-437-0677', 'healthcare': 'dentist', 'name': 'Alpine Dental', 'opening_hours': 'Mo-Su 10:00-18:00', 'phone': '+1-604-437-0655', 'website': 'https://www.moderndental.ca/'}"
16,49.2270298,-123.004457,2023-07-27 03:48:07+00:00,healthcare,,,Rexall,"{'addr:housenumber': '6200', 'addr:street': 'McKay Avenue', 'amenity': 'pharmacy', 'brand': 'Rexall', 'brand:wikidata': 'Q39045377', 'brand:wikipedia': 'en:Rexall (Canada)', 'dispensing': 'yes', 'drive_through': 'no', 'healthcare': 'pharmacy', 'level': '0', 'name': 'Rexall'}"
17,49.2696028,-122.946332,2023-07-27 03:48:07+00:00,healthcare,,,Pharmasave,"{'addr:city': 'Burnaby', 'addr:housenumber': '1601', 'addr:postcode': 'V5A 4H1', 'addr:street': 'Burnwood Drive', 'amenity': 'pharmacy', 'brand': 'Pharmasave', 'brand:wikidata': 'Q17093822', 'brand:wikipedia': 'en:Pharmasave', 'healthcare': 'pharmacy', 'name': 'Pharmasave', 'phone': '+1-604-428-2648'}"
18,49.2251886,-122.9994243,2023-07-27 03:48:07+00:00,healthcare,,,Acu Dental & Orthodontics,"{'amenity': 'dentist', 'healthcare': 'dentist', 'level': '0', 'name': 'Acu Dental & Orthodontics'}"
19,49.2267423,-122.9994778,2023-07-27 03:48:07+00:00,healthcare,,,Metroplex Dental Centre,"{'amenity': 'dentist', 'healthcare': 'dentist', 'level': '0', 'name': 'Metroplex Dental Centre', 'name:en': 'Metroplex Dental Centre'}"
20,49.2271596,-123.004765,2023-07-27 03:48:07+00:00,healthcare,,,Station Square Medical Clinic,"{'addr:city': 'Burnaby', 'addr:housenumber': '6200', 'addr:street': 'McKay Avenue', 'addr:unit': '150', 'amenity': 'clinic', 'healthcare': 'clinic', 'level': '0', 'name': 'Station Square Medical Clinic', 'opening_hours': 'Mo-Fr 09:00-21:00; Sa 09:00-16:00; PH,Su 10:00-16:00'}"
21,49.2263243,-123.001878,2023-07-27 03:48:07+00:00,healthcare,,,Metropolis Eyecare Centre,"{'addr:housenumber': '4700', 'addr:street': 'Kingsway', 'addr:unit': '1231A', 'amenity': 'clinic', 'healthcare': 'clinic', 'level': '0', 'name': 'Metropolis Eyecare Centre', 'opening_hours': 'Mo-Fr 09:00-20:00; Sa 08:00-20:00; Su 11:00-19:00', 'phone': '+1-604-433-3555', 'website': 'http://metropoliseyecare.com/', 'wheelchair': 'yes'}"
22,49.2255906,-122.999489,2023-07-27 03:48:07+00:00,healthcare,,,Shoppers Drug Mart,"{'addr:housenumber': '4800', 'addr:street': 'Kingsway', 'addr:unit': '343', 'amenity': 'pharmacy', 'brand': 'Shoppers Drug Mart', 'brand:wikidata': 'Q1820137', 'brand:wikipedia': 'en:Shoppers Drug Mart', 'dispensing': 'yes', 'healthcare': 'pharmacy', 'level': '1', 'name': 'Shoppers Drug Mart', 'opening_hours': 'Tu-Sa 10:00-21:00; Su-Mo 11:00-19:00', 'phone': '+1-604-419-0524', 'website': 'https://www.shoppersdrugmart.ca/en/store-locator/store/2250'}"
23,49.2253331,-122.9996286,2023-07-27 03:48:07+00:00,healthcare,,,Metropolis Dental Group,"{'amenity': 'dentist', 'healthcare': 'dentist', 'level': '1', 'name': 'Metropolis Dental Group', 'name:en': 'Metropolis Dental Group'}"
24,49.2283422,-123.004673,2023-07-27 03:48:07+00:00,healthcare,,,Crystal Dental Centre,"{'addr:housenumber': '4500', 'addr:street': 'Kingsway', 'addr:unit': '1001', 'amenity': 'dentist', 'email': 'info@crystaldental.com', 'healthcare': 'dentist', 'level': '0', 'name': 'Crystal Dental Centre', 'opening_hours': 'Mo 11:00-17:00; Tu-We 10:00-19:30; Th 11:00-16:00; Fr 11:00-19:00; Sa 10:00-17:00', 'phone': '+1-604-431-0431', 'website': 'https://crystaldental.com/', 'wheelchair': 'yes'}"
25,49.2286934,-123.004523,2023-07-27 03:48:07+00:00,healthcare,,,Medical Clinic,"{'addr:housenumber': '4500', 'addr:street': 'Kingsway', 'addr:unit': '1612', 'amenity': 'clinic', 'healthcare': 'clinic', 'name': 'Medical Clinic', 'name:en': 'Medical Clinic'}"
26,49.251076,-122.895002,2023-07-27 03:48:07+00:00,healthcare,,,Lougheed,"{'amenity': 'dentist', 'healthcare': 'dentist', 'name': 'Lougheed', 'name:en': 'Lougheed'}"
27,49.2253931,-122.999043,2023-07-27 03:48:07+00:00,healthcare,,,Mega Dental,"{'addr:housenumber': '4800', 'addr:street': 'Kingsway', 'addr:unit': '167', 'amenity': 'dentist', 'healthcare': 'dentist', 'level': '-1', 'name': 'Mega Dental', 'opening_hours': 'Mo-Sa 10:00-21:00; Su 10:00-19:00', 'phone': '+1-604-433-5700', 'website': 'https://www.megadentalgroup.ca/', 'wheelchair': 'yes'}"
28,49.2271779,-122.994869,2023-07-27 03:48:07+00:00,healthcare,,,Metrohealth Clinic,"{'addr:city': 'Burnaby', 'addr:housenumber': '4879', 'addr:street': 'Kingsway', 'amenity': 'clinic', 'fax': '+1-604-433-8618', 'healthcare': 'clinic', 'name': 'Metrohealth Clinic', 'phone': '+1-604-433-3341', 'website': 'http://www.metrohealthclinic.ca/'}"
29,49.2295298,-123.003985,2023-07-27 03:48:07+00:00,healthcare,,,Cm Dental,"{'addr:housenumber': '4500', 'addr:street': 'Kingsway', 'addr:unit': '2822', 'amenity': 'dentist', 'healthcare': 'dentist', 'name': 'Cm Dental', 'name:en': 'Cm Dental'}"
30,49.2295628,-123.004031,2023-07-27 03:48:07+00:00,healthcare,,,Doctor Ng and Associates Dental Centre,"{'addr:housenumber': '4500', 'addr:street': 'Kingsway', 'addr:unit': '2823', 'amenity': 'dentist', 'healthcare': 'dentist', 'level': '1', 'name': 'Doctor Ng and Associates Dental Centre', 'phone': '+1-604-437-8714', 'website': 'http://drngandassociates.com/'}"
31,49.2286121,-123.004524,2023-07-27 03:48:07+00:00,healthcare,,,Crystalpharmacy.org,"{'addr:housenumber': '4500', 'addr:street': 'Kingsway', 'addr:unit': '1611', 'amenity': 'pharmacy', 'email': 'crystalpharmacy@hotmail.com', 'healthcare': 'pharmacy', 'level': '0', 'name': 'Crystalpharmacy.org', 'opening_hours': 'Mo-Fr 9:45-18:30; Sa 10:30-18:30; PH ""off""', 'phone': '+1-604-433-2821', 'website': 'https://crystalpharmacy.ca/'}"
32,49.2331235,-123.0167841,2023-07-27 03:48:07+00:00,healthcare,,,Central Park Dental Clinic,"{'addr:housenumber': '3965', 'addr:street': 'Kingsway', 'addr:unit': '200', 'amenity': 'dentist', 'healthcare': 'dentist', 'name': 'Central Park Dental Clinic', 'phone': '+1-604-438-5261', 'website': 'https://www.centralparkdental.com/'}"
33,49.2253724,-122.994414,2023-07-27 03:48:07+00:00,healthcare,,,Laser Dental,"{'addr:housenumber': '6411', 'addr:street': 'Nelson Avenue', 'amenity': 'dentist', 'healthcare': 'dentist', 'name': 'Laser Dental', 'name:en': 'Laser Dental', 'phone': '+1-604-439-0500', 'website': 'http://laserdentalclinic.com/'}"
34,49.2661164,-123.004414,2023-07-27 03:48:07+00:00,healthcare,,,Shoppers Drug Mart,"{'addr:city': 'Burnaby', 'addr:housenumber': '4460', 'addr:street': 'Lougheed Highway', 'amenity': 'pharmacy', 'brand': 'Shoppers Drug Mart', 'brand:wikidata': 'Q1820137', 'brand:wikipedia': 'en:Shoppers Drug Mart', 'healthcare': 'pharmacy', 'name': 'Shoppers Drug Mart'}"
35,49.25458,-123.023314,2023-07-27 03:48:07+00:00,healthcare,,,Burnaby Guardian Pharmacy,"{'addr:city': 'Burnaby', 'addr:housenumber': '3300', 'addr:street': 'Boundary Road', 'addr:unit': '100A', 'amenity': 'pharmacy', 'dispensing': 'yes', 'healthcare': 'pharmacy', 'name': 'Burnaby Guardian Pharmacy', 'opening_hours': 'Mo-Fr 09:00-18:00; Sa 10:00-16:00', 'phone': '+1-604-453-0136', 'survey:date': '2022-04-29', 'website': 'https://www.guardian-ida-remedysrx.ca/en/british-columbia/burnaby/burnaby-pharmacy-7045100'}"
36,49.1987544,-122.9803348,2023-07-27 03:48:07+00:00,healthcare,,,Save On Foods Pharmacy,"{'amenity': 'pharmacy', 'check_date:opening_hours': '2023-05-21', 'healthcare': 'pharmacy', 'name': 'Save On Foods Pharmacy', 'opening_hours': 'Mo-Fr 09:00-21:00; Sa-Su 10:00-18:00', 'wheelchair': 'yes'}"
37,49.2500023,-123.0190369,2023-07-27 03:48:07+00:00,healthcare,,,Dr Luongo,"{'amenity': 'doctors', 'healthcare': 'doctor', 'name': 'Dr Luongo', 'name:en': 'Dr Luongo'}"
38,49.2254721,-122.9918763,2023-07-27 03:48:07+00:00,healthcare,,,Inspire Dental Group Metrotown,"{'addr:city': 'Burnaby', 'addr:housenumber': '5050', 'addr:postcode': 'V5H 4C2', 'addr:province': 'BC', 'addr:street': 'Kingsway', 'addr:unit': '411', 'amenity': 'dentist', 'contact:facebook': 'https://www.facebook.com/Inspire-Dental-Group-250888378295715/', 'contact:linkedin': 'https://www.linkedin.com/company/inspire-dental-group', 'contact:twitter': 'https://twitter.com/InspireDentist', 'email': 'requestinfo@inspiredentalmetrotown.ca', 'healthcare': 'dentist', 'healthcare:speciality': 'Preventative_Care;Restorative_Dentistry;Teeth_Whitening;Periodontics;Endodontics;Dental_Implants;Orthodontics;Invisalign', 'name': 'Inspire Dental Group Metrotown', 'opening_hours': 'Mo-We 08:00-16:00; Th 11:00-19:00', 'operator': 'Inspire Dental Group Metrotown', 'phone': '+1-604-430-3117', 'website': 'http://www.inspiredentalmetrotown.ca/'}"
39,49.2812016,-123.008366,2023-07-27 03:48:07+00:00,healthcare,,,Shoppers Drug Mart,"{'addr:housenumber': '4303', 'addr:street': 'Hastings Street', 'amenity': 'pharmacy', 'brand': 'Shoppers Drug Mart', 'brand:wikidata': 'Q1820137', 'brand:wikipedia': 'en:Shoppers Drug Mart', 'dispensing': 'yes', 'healthcare': 'pharmacy', 'name': 'Shoppers Drug Mart', 'opening_hours': 'Mo-Su 08:00-22:00', 'phone': '+1-604-298-4101', 'website': 'https://www1.shoppersdrugmart.ca/en/home'}"
40,49.2188365,-122.9557007,2023-07-27 03:48:07+00:00,healthcare,,,Shoppers Drug Mart,"{'amenity': 'pharmacy', 'brand': 'Shoppers Drug Mart', 'brand:wikidata': 'Q1820137', 'brand:wikipedia': 'en:Shoppers Drug Mart', 'healthcare': 'pharmacy', 'name': 'Shoppers Drug Mart'}"
41,49.218741,-122.9514243,2023-07-27 03:48:07+00:00,healthcare,,,Edmonds Pharmacy,"{'addr:housenumber': '7315', 'addr:street': 'Edmonds Street', 'amenity': 'pharmacy', 'dispensing': 'yes', 'healthcare': 'pharmacy', 'name': 'Edmonds Pharmacy', 'opening_hours': 'Mo-Fr 08:00-19:00; Sa 09:00-14:00; Su 09:00-13:00', 'payment:cash': 'yes', 'payment:credit_cards': 'yes', 'website': 'https://www.medicinecentre.com/cgi/page.cgi?search_term=Edmonds+Pharmacy+%26+Hearing+Center&show_location=1&_id=215&search_type=name'}"
42,49.2186777,-122.951675,2023-07-27 03:48:07+00:00,healthcare,,,PrimeCare Medical Centre & Clinic,"{'addr:city': 'Burnaby', 'addr:housenumber': '7315', 'addr:province': 'BC', 'addr:street': 'Edmonds Street', 'addr:unit': '202', 'amenity': 'clinic', 'healthcare': 'clinic', 'name': 'PrimeCare Medical Centre & Clinic', 'phone': '+1-604-519-3767', 'website': 'https://www.primecaremedicalcentre.com/'}"
43,49.2329632,-123.0163152,2023-07-27 03:48:07+00:00,healthcare,,,Isaa Memisevic Denturist,"{'addr:city': 'Burnaby', 'addr:housenumber': '3983', 'addr:postcode': 'V5H 1Y7', 'addr:street': 'Kingsway', 'amenity': 'dentist', 'check_date:opening_hours': '2020-11-06', 'healthcare': 'dentist', 'healthcare:speciality': 'denturist', 'name': 'Isaa Memisevic Denturist', 'opening_hours': 'Mo-Sa 09:00-18:00', 'phone': '+1-604-336-4155', 'website': 'https://www.isaamemisevicdenturist.com/'}"
44,49.2149682,-122.988173,2023-07-27 03:48:07+00:00,healthcare,,,PharmaChoice,"{'addr:housenumber': '5203', 'addr:street': 'Rumble Street', 'amenity': 'pharmacy', 'brand': 'PharmaChoice', 'brand:wikidata': 'Q7180716', 'brand:wikipedia': 'en:PharmaChoice', 'drive_through': 'no', 'healthcare': 'pharmacy', 'name': 'PharmaChoice', 'website': 'https://www.pharmachoice.com/locations/pharmachoice-south-slope/'}"
45,49.2811365,-122.998186,2023-07-27 03:48:07+00:00,healthcare,,,Remedy'sRx,"{'addr:city': 'Burnaby', 'addr:housenumber': '4655', 'addr:street': 'Hastings Street', 'amenity': 'pharmacy', 'brand': ""Remedy'sRx"", 'brand:wikidata': 'Q65553833', 'dispensing': 'yes', 'healthcare': 'pharmacy', 'name': ""Remedy'sRx""}"
46,49.2812101,-123.0061304,2023-07-27 03:48:07+00:00,healthcare,,,Pharmasave,"{'addr:city': 'Burnaby', 'addr:housenumber': '4367', 'addr:street': 'Hastings Street', 'amenity': 'pharmacy', 'brand': 'Pharmasave', 'brand:wikidata': 'Q17093822', 'brand:wikipedia': 'en:Pharmasave', 'dispensing': 'yes', 'healthcare': 'pharmacy', 'name': 'Pharmasave'}"
47,49.2251642,-122.9998224,2023-07-27 03:48:07+00:00,healthcare,,,Walmart Pharmacy,"{'amenity': 'pharmacy', 'brand': 'Walmart', 'brand:wikidata': 'Q483551', 'brand:wikipedia': 'en:Walmart', 'healthcare': 'pharmacy', 'level': '1', 'name': 'Walmart Pharmacy', 'opening_hours': '07:00-23:00', 'operator': 'Walmart', 'operator:wikidata': 'Q483551', 'operator:wikipedia': 'en:Walmart'}"
48,49.2251592,-122.9993965,2023-07-27 03:48:07+00:00,healthcare,,,Vancouver Centre for Cosmetic & Implant Dentistry,"{'amenity': 'dentist', 'healthcare': 'dentist', 'level': '1', 'name': 'Vancouver Centre for Cosmetic & Implant Dentistry'}"
49,49.2667127,-123.0048264,2023-07-27 03:48:07+00:00,healthcare,,,Brentwood Pharmacy,"{'addr:city': 'Burnaby', 'addr:housenumber': '4451', 'addr:province': 'BC', 'addr:street': 'Lougheed Highway', 'amenity': 'pharmacy', 'dispensing': 'yes', 'drive_through': 'no', 'healthcare': 'pharmacy', 'name': 'Brentwood Pharmacy', 'opening_hours': 'Mo-Fr 09:00-18:00; Sa,Su 10:00-14:00', 'wheelchair': 'yes'}"
50,49.2667198,-123.005037,2023-07-27 03:48:07+00:00,healthcare,,,First Impressions Orthodontics,"{'addr:city': 'Burnaby', 'addr:housenumber': '4449A', 'addr:province': 'BC', 'addr:street': 'Lougheed Highway', 'amenity': 'dentist', 'healthcare': 'dentist', 'healthcare:speciality': 'orthodontics', 'name': 'First Impressions Orthodontics'}"
51,49.2667079,-123.0047336,2023-07-27 03:48:07+00:00,healthcare,,,Spring Medical Centre,"{'addr:city': 'Burnaby', 'addr:housenumber': '4453', 'addr:province': 'BC', 'addr:street': 'Lougheed Highway', 'amenity': 'clinic', 'healthcare': 'clinic', 'name': 'Spring Medical Centre', 'opening_hours': '09:00-17:00', 'phone': '+1-604-428-1363'}"
52,49.2643167,-123.010861,2023-07-27 03:48:07+00:00,healthcare,,,JC Dental Care,"{'addr:city': 'Burnaby', 'addr:housenumber': '4232', 'addr:postcode': 'V5C 0B8', 'addr:street': 'Dawson Street', 'amenity': 'dentist', 'healthcare': 'dentist', 'name': 'JC Dental Care'}"
53,49.2643172,-123.0107604,2023-07-27 03:48:07+00:00,healthcare,,,Dawson Medical Clinic,"{'addr:city': 'Burnaby', 'addr:housenumber': '4238', 'addr:province': 'BC', 'addr:street': 'Dawson Street', 'amenity': 'clinic', 'healthcare': 'clinic', 'name': 'Dawson Medical Clinic', 'phone': '+1-604-564-8555', 'website': 'https://dawsonmedicalclinic.ca/'}"
54,49.2643242,-123.011134,2023-07-27 03:48:07+00:00,healthcare,,,Dawson Pharmacy,"{'addr:city': 'Burnaby', 'addr:housenumber': '4218', 'addr:postcode': 'V5C 0B8', 'addr:street': 'Dawson Street', 'amenity': 'pharmacy', 'dispensing': 'yes', 'drive_through': 'no', 'healthcare': 'pharmacy', 'name': 'Dawson Pharmacy', 'phone': '+1-604-428-9755', 'website': 'https://www.remedys.ca/en/british-columbia/burnaby/dawson-pharmacy-7026840'}"
55,49.2643259,-123.011259,2023-07-27 03:48:07+00:00,healthcare,,,Aurora Integrative Medical,"{'addr:city': 'Burnaby', 'addr:housenumber': '4212', 'addr:street': 'Dawson Street', 'amenity': 'clinic', 'healthcare': 'clinic', 'name': 'Aurora Integrative Medical', 'operator': 'Dr Calvin Cheung'}"
56,49.2217245,-122.9457506,2023-07-27 03:48:07+00:00,healthcare,,,Apoteka Pharmacy,"{'addr:city': 'Burnaby', 'addr:housenumber': '7487', 'addr:province': 'BC', 'addr:street': 'Edmonds Street', 'addr:unit': 'A', 'amenity': 'pharmacy', 'dispensing': 'yes', 'drive_through': 'no', 'email': 'apotekapharmacy@gmail.com', 'fax': '+1-604-540-1555', 'healthcare': 'pharmacy', 'name': 'Apoteka Pharmacy', 'opening_hours': 'Mo-Fr 09:00-18:00; Sa 10:00-14:00', 'phone': '+1-604-526-7778', 'website': 'https://www.pharmachoice.com/locations/apoteka-pharmacy/', 'wheelchair': 'yes'}"
57,49.2245859,-122.9395198,2023-07-27 03:48:07+00:00,healthcare,,,Duke Park Denture Clinic,"{'addr:housenumber': '7738', 'addr:street': 'Edmonds Street', 'addr:unit': '111', 'amenity': 'dentist', 'healthcare': 'dentist', 'name': 'Duke Park Denture Clinic'}"
58,49.281197,-123.012774,2023-07-27 03:48:07+00:00,healthcare,,,Carleton Square Dental,"{'addr:housenumber': '4161', 'addr:street': 'Hastings Street', 'addr:unit': '101', 'amenity': 'dentist', 'email': 'carletonsquare@shaw.ca', 'fax': '+1-604-299-4151', 'healthcare': 'dentist', 'name': 'Carleton Square Dental', 'phone': '+1-604-294-0294', 'survey:date': '2020-07-30', 'website': 'https://www.dentistinburnaby.com/'}"
59,49.2331764,-123.0167872,2023-07-27 03:48:07+00:00,healthcare,,,North American Medical Centre,"{'addr:city': 'Burnaby', 'addr:housenumber': '3965', 'addr:street': 'Kingsway', 'addr:unit': '301', 'amenity': 'clinic', 'email': 'namc3373@hotmail.com', 'healthcare': 'clinic', 'healthcare:speciality': 'general;paediatrics;surgery', 'name': 'North American Medical Centre', 'phone': '+1-604-563-3373', 'website': 'http://namedicalcentre.com/'}"
60,49.2330691,-123.0165914,2023-07-27 03:48:07+00:00,healthcare,,,Central Park Medical Clinic,"{'addr:city': 'Burnaby', 'addr:housenumber': '3065', 'addr:street': 'Kingsway', 'addr:unit': '104', 'amenity': 'clinic', 'email': 'admin@centralparkmedical.com', 'healthcare': 'clinic', 'healthcare:speciality': 'physiatry;podiatry', 'name': 'Central Park Medical Clinic', 'phone': '+1-604-434-8781', 'website': 'http://centralparkmedical.com/'}"
61,49.2330687,-123.0167809,2023-07-27 03:48:07+00:00,healthcare,,,Vancouver Top Surgery,"{'addr:housenumber': '3965', 'addr:street': 'Kingsway', 'addr:unit': '104', 'amenity': 'doctors', 'email': 'central@drdanielmckee.com', 'healthcare': 'doctor', 'name': 'Vancouver Top Surgery', 'phone': '+1-604-259-7660', 'website': 'https://www.vancouvertopsurgery.com/'}"
62,49.2331246,-123.016593,2023-07-27 03:48:07+00:00,healthcare,,,Metro Art Dental,"{'addr:housenumber': '3965', 'addr:street': 'Kingsway', 'addr:unit': '207', 'amenity': 'dentist', 'email': 'metroartdental@shaw.ca', 'healthcare': 'dentist', 'name': 'Metro Art Dental', 'phone': '+1-604-430-1260', 'website': 'https://www.metroartdental.ca/'}"
63,49.225502,-122.9944202,2023-07-27 03:48:07+00:00,healthcare,,,Korean Laser Skin Clinic,"{'addr:housenumber': '6411', 'addr:street': 'Nelson Avenue', 'addr:unit': '207A', 'amenity': 'clinic', 'healthcare': 'clinic', 'name': 'Korean Laser Skin Clinic', 'website': 'https://www.koreanlaser.ca/'}"
64,49.2254347,-122.994637,2023-07-27 03:48:07+00:00,healthcare,,,Monet Aesthetics,"{'addr:housenumber': '6411', 'addr:street': 'Nelson Avenue', 'addr:unit': '101', 'amenity': 'clinic', 'email': 'info@monetaesthetic.ca', 'healthcare': 'clinic', 'healthcare:speciality': 'cosmetic', 'name': 'Monet Aesthetics', 'opening_hours': 'Mo-Fr 10:00-18:00; Sa 10:00-17:00', 'phone': '+1-604-433-8480', 'website': 'https://monetaesthetic.ca/'}"
65,49.2254978,-122.9946048,2023-07-27 03:48:07+00:00,healthcare,,,Burnaby Family Dental,"{'addr:housenumber': '6411', 'addr:street': 'Nelson Avenue', 'addr:unit': '203', 'amenity': 'dentist', 'email': 'info@burnabyfamilydental.com', 'healthcare': 'dentist', 'name': 'Burnaby Family Dental', 'opening_hours': 'We 10:00-18:00; Th 08:00-13:00; Fr 09:00-17:00; Sa 09:00-15:00', 'phone': '+1-604-437-5222', 'website': 'http://www.burnabyfamilydental.com/'}"
66,49.2256029,-122.994727,2023-07-27 03:48:07+00:00,healthcare,,,Burnaby Orthopaedic and Mastectomy,"{'addr:housenumber': '6411', 'addr:street': 'Nelson Avenue', 'addr:unit': '300', 'amenity': 'clinic', 'email': 'info@burnabyorthopaedic.com', 'fax': '+1-604-436-6094', 'healthcare': 'clinic', 'healthcare:speciality': 'orthopaedics;mastectomy', 'name': 'Burnaby Orthopaedic and Mastectomy', 'opening_hours': 'Mo-Fr 09:00-18:00; Sa 9:30-12:30 ""by appointment""', 'phone': '+1-604-436-6092', 'website': 'https://www.burnabyorthopaedic.net/'}"
67,49.2256099,-122.9944868,2023-07-27 03:48:07+00:00,healthcare,,,Metrotown Dental Clinic,"{'addr:housenumber': '6411', 'addr:street': 'Nelson Avenue', 'addr:unit': '308', 'amenity': 'dentist', 'email': 'info@metrotowndentalclinic.com', 'healthcare': 'dentist', 'name': 'Metrotown Dental Clinic', 'opening_hours': 'Mo-Tu 08:00-17:00; We-Th 08:00-19:00; Fr 08:00-16:00', 'phone': '+1-604-437-6010;+1-604-437-4343', 'website': 'https://metrotowndentalclinic.com/'}"
68,49.2254992,-122.9945168,2023-07-27 03:48:07+00:00,healthcare,,,Centrio Medical Specialists,"{'addr:housenumber': '6411', 'addr:street': 'Nelson Avenue', 'addr:unit': '209', 'amenity': 'clinic', 'email': 'centriomed@gmail.com', 'fax': '+1-778-379-9325', 'healthcare': 'clinic', 'name': 'Centrio Medical Specialists', 'opening_hours': 'Mo-Fr 08:00-17:00; Sa 09:00-17:00; PH off', 'phone': '+1-855-236-8746', 'website': 'http://www.centriomed.com/'}"
69,49.2256127,-122.9945662,2023-07-27 03:48:07+00:00,healthcare,,,Nelson Dental Clinic,"{'addr:housenumber': '6411', 'addr:street': 'Nelson Avenue', 'addr:unit': '307', 'amenity': 'dentist', 'email': 'info@nelsondentalcentre.com', 'healthcare': 'dentist', 'name': 'Nelson Dental Clinic', 'opening_hours': 'Mo-We 09:30-18:00; Fr 09:30-18:00; Sa 09:00-17:00', 'phone': '+1-604-433-2225', 'website': 'https://nelsondentalcentre.com/'}"
70,49.2279734,-122.9967154,2023-07-27 03:48:07+00:00,healthcare,,,Mango Medical Clinic,"{'addr:housenumber': '4789', 'addr:street': 'Kingsway', 'addr:unit': '475', 'amenity': 'clinic', 'healthcare': 'clinic', 'healthcare:speciality': 'family_medicine', 'name': 'Mango Medical Clinic', 'opening_hours': 'Mo-Fr 09:00-17:00', 'phone': '+1-778-379-4392', 'website': 'http://mangomedical.ca/familypractice/'}"
71,49.2280379,-122.9967046,2023-07-27 03:48:07+00:00,healthcare,,,Rapid Access Pain Clinic,"{'addr:housenumber': '4789', 'addr:street': 'Kingsway', 'addr:unit': '525', 'amenity': 'doctors', 'email': 'info@rapidaccesspainclinic.com', 'fax': '+1-604-439-0004', 'healthcare': 'doctor', 'name': 'Rapid Access Pain Clinic', 'phone': '+1-604-436-1587', 'website': 'http://www.rapidaccesspainclinic.com/'}"
72,49.227895,-122.9967476,2023-07-27 03:48:07+00:00,healthcare,,,Metrotown Endodontics,"{'addr:housenumber': '4789', 'addr:street': 'Kingsway', 'addr:unit': '275', 'amenity': 'dentist', 'fax': '+1-604-336-3239', 'healthcare': 'dentist', 'healthcare:speciality': 'endodontics', 'name': 'Metrotown Endodontics', 'phone': '+1-604-336-3232', 'website': 'https://www.metrotownendo.com/'}"
73,49.2279776,-122.9967776,2023-07-27 03:48:07+00:00,healthcare,,,Centrepoint Oral and Facial Surgery,"{'addr:housenumber': '4789', 'addr:street': 'Kingsway', 'addr:unit': '425', 'amenity': 'dentist', 'email': 'kim@centrepointoms.ca', 'fax': '+1-604-558-4477', 'healthcare': 'dentist', 'healthcare:speciality': 'oral_surgery', 'name': 'Centrepoint Oral and Facial Surgery', 'phone': '+1-604-558-4476', 'website': 'https://www.centrepointoms.ca/'}"
74,49.2272147,-122.9946424,2023-07-27 03:48:07+00:00,healthcare,,,Burnaby Neurology,"{'addr:housenumber': '4885', 'addr:street': 'Kingsway', 'addr:unit': '206', 'amenity': 'clinic', 'email': 'drcorytothoffice@gmail.com', 'fax': '+1-778-654-7810', 'healthcare': 'clinic', 'healthcare:speciality': 'neurology', 'name': 'Burnaby Neurology', 'phone': '+1-778-737-6378', 'website': 'https://www.burnabyneurology.com/'}"
75,49.227286,-122.9946672,2023-07-27 03:48:07+00:00,healthcare,,,Metrotown Surgical Centre,"{'addr:housenumber': '4885', 'addr:street': 'Kingsway', 'addr:unit': '505', 'amenity': 'doctors', 'description': 'Dr. Horton', 'fax': '+1-604-435-8409', 'healthcare': 'doctor', 'healthcare:speciality': 'plastic_surgery', 'name': 'Metrotown Surgical Centre', 'opening_hours': 'Mo-Fr 09:00-17:00', 'phone': '+1-604-435-8483', 'website': 'https://doctorhorton.com/'}"
76,49.2272607,-122.9946692,2023-07-27 03:48:07+00:00,healthcare,,,Dr Imran Samad,"{'addr:housenumber': '4885', 'addr:street': 'Kingsway', 'addr:unit': '404', 'amenity': 'doctors', 'email': 'isamadfrcs@telus.net', 'fax': '+1-604-433-5716', 'healthcare': 'doctor', 'healthcare:speciality': 'otolaryngology', 'name': 'Dr Imran Samad', 'opening_hours': 'Mo-Fr 08:00-16:00', 'phone': '+1-604-433-5610', 'website': 'https://www.drimransamad.com/'}"
77,49.2272101,-122.9947188,2023-07-27 03:48:07+00:00,healthcare,,,Apex Dental Clinic,"{'addr:housenumber': '4885', 'addr:street': 'Kingsway', 'addr:unit': '201', 'amenity': 'dentist', 'email': 'adcinfo@apexdentalclinic.ca', 'healthcare': 'dentist', 'name': 'Apex Dental Clinic', 'phone': '+1-604-433-3800', 'website': 'http://apexdentalclinic.ca/'}"
78,49.2271907,-122.9946494,2023-07-27 03:48:07+00:00,healthcare,,,Dr Johal,"{'addr:housenumber': '4885', 'addr:street': 'Kingsway', 'addr:unit': '107', 'amenity': 'doctors', 'email': 'info@drjohal.com', 'fax': '+1-604-423-3621', 'healthcare': 'doctor', 'healthcare:speciality': 'surgery', 'name': 'Dr Johal', 'opening_hours': 'Mo-Fr 8:30-16:30', 'phone': '+1-604-423-3620', 'website': 'https://www.doctorjohal.com/'}"
79,49.2254517,-122.993959,2023-07-27 03:48:07+00:00,healthcare,,,Brooke Radiology,"{'addr:housenumber': '4980', 'addr:street': 'Kingsway', 'addr:unit': '100', 'amenity': 'clinic', 'fax': '+1-604-435-1309', 'healthcare': 'clinic', 'healthcare:speciality': 'radiology', 'name': 'Brooke Radiology', 'opening_hours': 'Mo-Fr 07:30-17:00', 'phone': '+1-604-434-1345', 'website': 'http://brookeimaging.ca/kingsway.php', 'wheelchair': 'yes'}"
80,49.2263675,-122.993964,2023-07-27 03:48:07+00:00,healthcare,,,MD Vein Clinic,"{'addr:housenumber': '4900', 'addr:street': 'Kingsway', 'addr:unit': '101', 'amenity': 'clinic', 'fax': '+1-604-569-2446', 'healthcare': 'clinic', 'healthcare:speciality': 'phlebology;anaesthetics', 'name': 'MD Vein Clinic', 'phone': '+1-604-569-1819', 'website': 'https://www.drkimchen.com/'}"
81,49.2262836,-122.9939768,2023-07-27 03:48:07+00:00,healthcare,,,Physio4Care,"{'addr:housenumber': '4900', 'addr:street': 'Kingsway', 'addr:unit': '101', 'amenity': 'clinic', 'email': 'info@physio4careclinic.com', 'healthcare': 'clinic', 'healthcare:speciality': 'physiotherapy', 'name': 'Physio4Care', 'phone': '+1-604-787-9699', 'website': 'https://www.physio4careclinic.com/'}"
82,49.2255549,-122.9938463,2023-07-27 03:48:07+00:00,healthcare,,,Dr Sandra Tai Inc,"{'addr:housenumber': '4980', 'addr:street': 'Kingsway', 'addr:unit': '707', 'amenity': 'dentist', 'fax': '+1-604-431-5518', 'healthcare': 'dentist', 'healthcare:speciality': 'orthodontics', 'name': 'Dr Sandra Tai Inc', 'opening_hours': 'Mo-Fr 09:00-17:00', 'phone': '+1-604-431-5528', 'website': 'https://www.drsandratai.com/'}"
83,49.2255059,-122.9938381,2023-07-27 03:48:07+00:00,healthcare,,,Burnaby Hearing Centre,"{'addr:housenumber': '4980', 'addr:street': 'Kingsway', 'addr:unit': '605', 'amenity': 'clinic', 'healthcare': 'clinic', 'healthcare:speciality': 'audiology', 'name': 'Burnaby Hearing Centre', 'opening_hours': 'Mo-Tu 08:30-16:30; We 10:00-18:00; Th-Fr08:30-16:30', 'phone': '+1-604-283-2405', 'website': 'https://www.burnabyhearingcentre.com/location/burnaby/'}"
84,49.2254484,-122.993874,2023-07-27 03:48:07+00:00,healthcare,,,BoydVision,"{'addr:housenumber': '4980', 'addr:street': 'Kingsway', 'addr:unit': '503', 'amenity': 'clinic', 'healthcare': 'clinic', 'healthcare:speciality': 'opthamology', 'name': 'BoydVision', 'phone': '+1-604-430-9560;+1-604-704-7785', 'website': 'https://www.boydvision.ca/'}"
85,49.2255698,-122.9937321,2023-07-27 03:48:07+00:00,healthcare,,,Gentle Dental,"{'addr:housenumber': '4980', 'addr:street': 'Kingsway', 'addr:unit': '111', 'amenity': 'dentist', 'email': 'info@burnabygentledental.com', 'healthcare': 'dentist', 'name': 'Gentle Dental', 'opening_hours': 'Mo-Tu 09:00-17:00; We 11:00-19:00; Th 09:00-17:00; Sa 09:00-17:00 ""every other Saturday closed""', 'phone': '+1-604-434-3020', 'website': 'https://burnabygentledental.com/'}"
86,49.2254579,-122.9937843,2023-07-27 03:48:07+00:00,healthcare,,,The Allergy Office,"{'addr:housenumber': '4980', 'addr:street': 'Kingsway', 'addr:unit': '600', 'amenity': 'clinic', 'email': 'office@burnabyallergy.ca', 'healthcare': 'clinic', 'name': 'The Allergy Office', 'phone': '+1-604-433-0545', 'website': 'https://www.burnabyallergy.ca'}"
87,49.2255605,-122.9918315,2023-07-27 03:48:07+00:00,healthcare,,,Dr. Karen Liang,"{'addr:housenumber': '5050', 'addr:street': 'Kingsway', 'addr:unit': '125', 'amenity': 'dentist', 'email': 'hello@drkarenliang.com', 'healthcare': 'dentist', 'name': 'Dr. Karen Liang', 'phone': '+1-604-430-5138', 'website': 'http://www.drkarenliang.com/'}"
88,49.2499532,-123.0195496,2023-07-27 03:48:07+00:00,healthcare,,,Boundary Dental Clinic,"{'addr:housenumber': '3815', 'addr:street': 'Sunset Street', 'addr:unit': '208', 'amenity': 'dentist', 'email': 'boundarydental@telus.net', 'healthcare': 'dentist', 'name': 'Boundary Dental Clinic', 'phone': '+1-604-438-2464', 'website': 'http://boundarydentalclinic.ca/'}"
89,49.2499408,-123.019098,2023-07-27 03:48:07+00:00,healthcare,,,Burnaby Orthopedic Surgery Inc,"{'addr:housenumber': '3825', 'addr:street': 'Sunset Street', 'addr:unit': '106', 'amenity': 'clinic', 'fax': '+1-604-437-9606', 'healthcare': 'clinic', 'healthcare:speciality': 'orthopaedics', 'name': 'Burnaby Orthopedic Surgery Inc', 'phone': '+1-604-437-9600', 'website': 'http://bossurgery.com/'}"
90,49.2499575,-123.0189627,2023-07-27 03:48:07+00:00,healthcare,,,Dr Gurpreet Johal,"{'addr:housenumber': '3825', 'addr:street': 'Sunset Street', 'addr:unit': '107', 'amenity': 'doctors', 'email': 'info@drjohal.com', 'fax': '+1-604-423-3621', 'healthcare': 'doctor', 'name': 'Dr Gurpreet Johal', 'opening_hours': 'Mo-Fr 08:30-16:30', 'phone': '+1-604-423-3620', 'website': 'https://www.doctorjohal.com/'}"
91,49.2499215,-123.018804,2023-07-27 03:48:07+00:00,healthcare,,,Guardian,"{'addr:housenumber': '3835', 'addr:street': 'Sunset Street', 'amenity': 'pharmacy', 'branch': 'Grace Pharmacy', 'brand': 'Guardian', 'brand:wikidata': 'Q65553864', 'dispensing': 'yes', 'fax': '+1-604-909-1722', 'healthcare': 'pharmacy', 'name': 'Guardian', 'operator': 'Guardian', 'phone': '+1-604-434-1722', 'website': 'https://www.guardian-ida-pharmacies.ca/en/british-columbia/burnaby/grace-pharmacy-7044692'}"
92,49.2499429,-123.0194408,2023-07-27 03:48:07+00:00,healthcare,,,Sunset Denture Clinic,"{'addr:housenumber': '3817', 'addr:street': 'Sunset Street', 'amenity': 'dentist', 'email': 'sunsetdenture@gmail.com', 'healthcare': 'dentist', 'healthcare:speciality': 'denturist', 'name': 'Sunset Denture Clinic', 'opening_hours': 'Mo-Fr 09:00-17:00; Sa ""by appointment""', 'phone': '+1-604-874-6671', 'website': 'https://www.sunsetdentures.com/'}"
93,49.254184,-122.9895743,2023-07-27 03:48:07+00:00,healthcare,,,Canway Medical Centre,"{'addr:housenumber': '4695', 'addr:street': 'Canada Way', 'amenity': 'doctors', 'healthcare': 'doctor', 'name': 'Canway Medical Centre', 'opening_hours': 'Mo-Fr 08:30-16:30; Sa 10:00-14:00', 'phone': '+1-604-428-8123', 'website': 'https://www.canwaymedicalcentre.ca/'}"
94,49.2794738,-122.9682057,2023-07-27 03:48:07+00:00,healthcare,,,Kensington Medical Clinic,"{'addr:housenumber': '6548', 'addr:street': 'Hastings Street', 'amenity': 'clinic', 'email': 'kensington@kensingtonmedicalclinic.com', 'fax': '+1-604-299-9772', 'healthcare': 'clinic', 'healthcare:speciality': 'family_medicine;general', 'name': 'Kensington Medical Clinic', 'phone': '+1-604-299-9769', 'website': 'https://www.kensingtonmedicalclinic.com/contact'}"
95,49.279469399999996,-122.9676156,2023-07-27 03:48:07+00:00,healthcare,,,Kensington Square Dental,"{'addr:housenumber': '6562', 'addr:street': 'Hastings Street', 'amenity': 'dentist', 'email': 'INFO@KENSINGTONSQUAREDENTAL.COM', 'healthcare': 'dentist', 'name': 'Kensington Square Dental', 'phone': '+1-604-298-5595', 'website': 'https://www.kensingtonsquaredental.com'}"
96,49.2202615,-122.988411,2023-07-27 03:48:07+00:00,healthcare,,,Zoom Dental,"{'addr:housenumber': '6968', 'addr:street': 'Royal Oak Avenue', 'addr:unit': '105', 'amenity': 'dentist', 'healthcare': 'dentist', 'name': 'Zoom Dental', 'website': 'https://www.zoomdentalburnaby.ca/'}"
97,49.2217713,-122.9458053,2023-07-27 03:48:07+00:00,healthcare,,,Edmonds Health Center,"{'addr:housenumber': '7487', 'addr:street': 'Edmonds Street', 'addr:unit': 'B', 'amenity': 'clinic', 'fax': '+1-604-526-9333', 'healthcare': 'clinic', 'name': 'Edmonds Health Center', 'opening_hours': 'Mo-Fr 09:00-17:00', 'phone': '+1-604-540-9222', 'website': 'https://www.edmondshealthcenter.com'}"
98,49.221872,-122.9458555,2023-07-27 03:48:07+00:00,healthcare,,,True Smile Denture & Dental Clinic,"{'addr:housenumber': '7487', 'addr:street': 'Edmonds Street', 'addr:unit': 'F', 'amenity': 'dentist', 'healthcare': 'dentist', 'healthcare:speciality': 'denturist', 'name': 'True Smile Denture & Dental Clinic'}"
99,49.2811818,-123.0004121,2023-07-27 03:48:07+00:00,healthcare,,,North Burnaby Dental Group,"{'addr:housenumber': '4587', 'addr:street': 'Hastings Street', 'amenity': 'dentist', 'healthcare': 'dentist', 'name': 'North Burnaby Dental Group', 'opening_hours': 'Mo-Fr 07:00-20:00; Sa 07:00-14:00', 'phone': '+1-604-291-6696', 'website': 'https://www.northburnabydental.com/'}"
100,49.2811894,-122.9971423,2023-07-27 03:48:07+00:00,healthcare,,,Beta Pharmacy,"{'addr:housenumber': '4705A', 'addr:street': 'Hastings Street', 'amenity': 'pharmacy', 'dispensing': 'yes', 'email': 'info@betapharmacy.ca', 'healthcare': 'pharmacy', 'name': 'Beta Pharmacy', 'phone': '+1-604-299-6004', 'website': 'https://betapharmacy.ca/'}"
101,49.2245436,-122.9407461,2023-07-27 03:48:07+00:00,healthcare,,,Lakeview Dental Clinic,"{'addr:housenumber': '7727', 'addr:street': 'Edmonds Street', 'amenity': 'dentist', 'email': 'lakeviewdentalburnaby@gmail.com', 'healthcare': 'dentist', 'name': 'Lakeview Dental Clinic', 'phone': '+1-604-526-4455;+1-604-524-3674', 'website': 'https://lakeviewdentalburnaby.com/'}"
102,49.2808646,-123.0177221,2023-07-27 03:48:07+00:00,healthcare,,,CBI Consultants,"{'addr:housenumber': '3970', 'addr:street': 'Hastings Street', 'addr:unit': '204', 'amenity': 'clinic', 'email': 'info@cbiconsultants.com', 'healthcare': 'clinic', 'name': 'CBI Consultants', 'phone': '+1-604-320-1960;+1-877-320-1960', 'website': 'https://cbiconsultants.com/'}"
103,49.2808619,-123.0175517,2023-07-27 03:48:07+00:00,healthcare,,,Norburn Dental Centre,"{'addr:housenumber': '3976', 'addr:street': 'Hastings Street', 'amenity': 'dentist', 'email': 'norburndental@gmail.com', 'healthcare': 'dentist', 'name': 'Norburn Dental Centre', 'phone': '+1-604-336-4411', 'website': 'https://www.norburndental.com/'}"
104,49.254896,-123.0201963,2023-07-27 03:48:07+00:00,healthcare,,,Canada Way Dental,"{'amenity': 'dentist', 'email': 'info@canadawaydental.com', 'healthcare': 'dentist', 'name': 'Canada Way Dental', 'phone': '+1-604-559-8001', 'website': 'https://www.canadawaydental.com/'}"
105,49.2253971,-122.994716,2023-07-27 03:48:07+00:00,healthcare,,,Bonsor Pharmacy & Medical Supplies,"{'amenity': 'pharmacy', 'healthcare': 'pharmacy', 'name': 'Bonsor Pharmacy & Medical Supplies', 'phone': '+1 604-431-8877'}"
106,49.2807611,-123.016752,2023-07-27 03:48:07+00:00,healthcare,,,Eye Surgeons,"{'amenity': 'clinic', 'healthcare': 'clinic', 'name': 'Eye Surgeons'}"
107,49.2808509,-123.004689,2023-07-27 03:48:07+00:00,healthcare,,,Eagle Creek Dental Centre,"{'addr:housenumber': '4442', 'addr:street': 'Hastings Street', 'amenity': 'dentist', 'email': 'info@eaglecreekdental.ca', 'healthcare': 'dentist', 'name': 'Eagle Creek Dental Centre', 'phone': '+1-604-298-5333', 'website': 'https://www.eaglecreekdental.ca/'}"
108,49.2260354,-123.0056944,2023-07-27 03:48:07+00:00,healthcare,,,Pharmasave,"{'addr:housenumber': '4390', 'addr:street': 'Beresford Street', 'amenity': 'pharmacy', 'brand': 'Pharmasave', 'brand:wikidata': 'Q17093822', 'brand:wikipedia': 'en:Pharmasave', 'dispensing': 'yes', 'healthcare': 'pharmacy', 'name': 'Pharmasave', 'opening_hours': 'Mo-Fr 10:00-18:00; Sa 10:00-16:00', 'phone': '+1-604-563-4390', 'website': 'http://pharmasavemetrotown.com/'}"
109,49.2260103,-123.0056343,2023-07-27 03:48:07+00:00,healthcare,,,Mango Medical Clinic,"{'addr:housenumber': '4392', 'addr:street': 'Beresford Street', 'amenity': 'clinic', 'healthcare': 'clinic', 'name': 'Mango Medical Clinic', 'phone': '+1-604-423-4392', 'website': 'http://mangomedical.ca/'}"
110,49.2211627,-122.9884187,2023-07-27 03:48:07+00:00,healthcare,,,ReNew Dental Clinic,"{'amenity': 'dentist', 'healthcare': 'dentist', 'name': 'ReNew Dental Clinic', 'opening_hours': 'Mo-We 11:00-19:00; Fr 10:00-18:00; Sa 09:00-17:00; Th,Su off'}"
111,49.2657301,-123.0044738,2023-07-27 03:48:07+00:00,healthcare,,,Solo Dental,"{'addr:housenumber': '4465', 'addr:street': 'Skyline Drive', 'addr:unit': '1', 'amenity': 'dentist', 'healthcare': 'dentist', 'name': 'Solo Dental', 'phone': '+1-604-299-7656', 'website': 'https://solodental.ca/'}"
112,49.2643469,-123.0120793,2023-07-27 03:48:07+00:00,healthcare,,,Dawson Deltal Centre,"{'addr:housenumber': '4184', 'addr:street': 'Dawson Street', 'amenity': 'dentist', 'healthcare': 'dentist', 'name': 'Dawson Deltal Centre', 'phone': '+1-604-298-3455', 'website': 'https://www.dawsondentalcentre.com/'}"
113,49.2811595,-123.007071,2023-07-27 03:48:07+00:00,healthcare,,,Doctors on Hastings,"{'addr:housenumber': '4349', 'addr:street': 'Hastings Street', 'amenity': 'doctors', 'healthcare': 'doctor', 'name': 'Doctors on Hastings', 'phone': '+1-604-299-4388', 'website': 'https://doctorsonhastings.wordpress.com/'}"
114,49.2811608,-123.007429,2023-07-27 03:48:07+00:00,healthcare,,,Total Care Pharmacy,"{'addr:housenumber': '4345', 'addr:street': 'Hastings Street', 'amenity': 'pharmacy', 'healthcare': 'pharmacy', 'name': 'Total Care Pharmacy'}"
115,49.2811822,-123.006941,2023-07-27 03:48:07+00:00,healthcare,,,Dentistry at the Heights,"{'addr:housenumber': '4351', 'addr:street': 'Hastings Street', 'amenity': 'dentist', 'healthcare': 'dentist', 'name': 'Dentistry at the Heights'}"
116,49.2808941,-123.007667,2023-07-27 03:48:07+00:00,healthcare,,,Burnaby Heights Dental Centre,"{'addr:housenumber': '4330', 'addr:street': 'Hastings Street', 'amenity': 'dentist', 'healthcare': 'dentist', 'name': 'Burnaby Heights Dental Centre', 'phone': '+1-604-320-7321', 'website': 'https://www.burnabydental.ca/'}"
117,49.2223438,-122.9316571,2023-07-27 03:48:07+00:00,healthcare,,,Care First Pharmacy,"{'addr:city': 'Burnaby', 'addr:housenumber': '7612', 'addr:province': 'BC', 'addr:street': '6th Street', 'amenity': 'pharmacy', 'dispensing': 'yes', 'healthcare': 'pharmacy', 'name': 'Care First Pharmacy', 'opening_hours': 'Mo-Fr 09:30-17:30; Sa 09:30-15:30'}"
118,49.2330087,-123.0167774,2023-07-27 03:48:07+00:00,healthcare,,,Central Park Pharmacy,"{'addr:housenumber': '3963', 'addr:street': 'Kingsway', 'addr:unit': '101', 'amenity': 'pharmacy', 'dispensing': 'yes', 'email': 'centralparkpharmacy@gmail.com', 'healthcare': 'pharmacy', 'name': 'Central Park Pharmacy', 'opening_hours': 'Mo-Fr 09:30-17:30; Sa 10:00-14:00; PH ""off""', 'phone': '+1-604-433-0110', 'website': 'https://www.medicinecentre.com/cgi/page.cgi?search_term=Central+Park+Pharmacy&show_location=1&_id=215&search_type=name'}"
119,49.2194994,-122.956688,2023-07-27 03:48:07+00:00,healthcare,,,Middlegate Burnaby Dentist,"{'addr:housenumber': '7129', 'addr:street': 'Arcola Way', 'amenity': 'dentist', 'healthcare': 'dentist', 'name': 'Middlegate Burnaby Dentist', 'phone': '+1-604-523-1101'}"
120,49.2801482,-122.9644732,2023-07-27 03:48:07+00:00,healthcare,,,Sperling Dental,"{'addr:unit': '100', 'amenity': 'dentist', 'healthcare': 'dentist', 'name': 'Sperling Dental', 'phone': '+1-604-568-8499', 'website': 'http://www.sperlingdental.ca/'}"
121,49.2224516,-122.931765,2023-07-27 03:48:07+00:00,healthcare,,,Dental On 6th,"{'addr:housenumber': '7610', 'addr:street': '6th Street', 'amenity': 'dentist', 'healthcare': 'dentist', 'name': 'Dental On 6th', 'opening_hours': 'Mo-Sa 10:00-18:00', 'operator': 'Dr Dorsa Afzalian-Mand Inc'}"
122,49.2812054,-123.00341,2023-07-27 03:48:07+00:00,healthcare,,,Young Dental Burnaby,"{'addr:housenumber': '4499', 'addr:street': 'Hastings Street', 'amenity': 'dentist', 'healthcare': 'dentist', 'name': 'Young Dental Burnaby', 'phone': '+1-604-800-3340', 'website': 'https://www.youngdental.ca'}"
123,49.2686143,-123.0003485,2023-07-27 03:48:07+00:00,healthcare,,,Alpha Dental,"{'amenity': 'dentist', 'healthcare': 'dentist', 'name': 'Alpha Dental'}"
124,49.268963,-123.0010757,2023-07-27 03:48:07+00:00,healthcare,,,Brentwood Medical,"{'amenity': 'clinic', 'healthcare': 'clinic', 'name': 'Brentwood Medical'}"
125,49.2677279,-123.0001572,2023-07-27 03:48:07+00:00,healthcare,,,Brentwood Dental Group,"{'addr:housenumber': '4567', 'addr:street': 'Lougheed Hwy', 'addr:unit': '66', 'amenity': 'dentist', 'healthcare': 'dentist', 'name': 'Brentwood Dental Group', 'operator': 'Dr Jenghis Kung & Dr Michelle Kim Inc'}"
126,49.2545732,-123.0231803,2023-07-27 03:48:07+00:00,healthcare,,,Summitview Medical Centre,"{'addr:housenumber': '3300', 'amenity': 'clinic', 'healthcare': 'clinic', 'name': 'Summitview Medical Centre', 'survey:date': '2022-04-29'}"
127,49.2808652,-122.998362,2023-07-27 03:48:07+00:00,healthcare,,,Olive Branch Dental Care,"{'addr:housenumber': '4658', 'addr:street': 'Hastings Street', 'amenity': 'dentist', 'healthcare': 'dentist', 'name': 'Olive Branch Dental Care', 'phone': '+1-604-918-5420', 'website': 'https://olivebranchdentalcare.ca/'}"
128,49.2808984,-123.010719,2023-07-27 03:48:07+00:00,healthcare,,,Brooke Radiology,"{'addr:housenumber': '4218', 'addr:street': 'Hastings Street', 'amenity': 'clinic', 'description': 'Ultrasound; digital x-ray', 'healthcare': 'clinic', 'healthcare:speciality': 'radiology', 'name': 'Brooke Radiology', 'opening_hours': 'Mo-Fr 08:30-17:00; PH ""off""', 'phone': '+1-604-299-2666', 'website': 'https://brookeimaging.ca/hastings.php'}"
129,49.2809123,-123.0102851,2023-07-27 03:48:07+00:00,healthcare,,,Burnaby Dental Centre,"{'addr:housenumber': '4234', 'addr:street': 'Hastings Street', 'amenity': 'dentist', 'email': 'burnabydentalcentre@shaw.ca', 'healthcare': 'dentist', 'name': 'Burnaby Dental Centre', 'phone': '+1-604-294-3271', 'website': 'https://www.burnabydentalcentre.com/'}"
130,49.280937,-123.0157933,2023-07-27 03:48:07+00:00,healthcare,,,Wescana,"{'addr:housenumber': '4012', 'addr:street': 'Hastings Street', 'amenity': 'pharmacy', 'dispensing': 'yes', 'healthcare': 'pharmacy', 'name': 'Wescana', 'phone': '+1-604-291-1205', 'website': 'https://wescanapharmacy.com/'}"
131,49.2809375,-123.0157585,2023-07-27 03:48:07+00:00,healthcare,,,Norburn Medical,"{'addr:housenumber': '4012', 'addr:street': 'Hastings Street', 'addr:unit': '200', 'amenity': 'clinic', 'healthcare': 'clinic', 'name': 'Norburn Medical', 'opening_hours': 'Mo-Fr 7:30-17:00; Sa 08:30-14:00', 'phone': '+1-604-299-2677', 'website': 'https://www.norburnmedical.com/'}"
132,49.2808545,-123.017285,2023-07-27 03:48:07+00:00,healthcare,,,The Medicine Shoppe Pharmacy,"{'addr:housenumber': '3982', 'addr:street': 'Hastings Street', 'amenity': 'pharmacy', 'dispensing': 'yes', 'healthcare': 'pharmacy', 'name': 'The Medicine Shoppe Pharmacy', 'phone': '+1-604-229-8353', 'website': 'https://www.medicineshoppe.ca/en/british-columbia/burnaby/the-medicine-shoppe-pharmacy-402-7038101'}"
133,49.2245235,-122.939782,2023-07-27 03:48:07+00:00,healthcare,,,Edmonds Clinic,"{'addr:housenumber': '7738', 'addr:street': 'Edmonds Street', 'addr:unit': '108', 'amenity': 'clinic', 'healthcare': 'clinic', 'name': 'Edmonds Clinic', 'phone': '+1-604-549-9959'}"
134,49.2246236,-122.9395904,2023-07-27 03:48:07+00:00,healthcare,,,Edmonds Dental,"{'addr:housenumber': '7738', 'addr:street': 'Edmonds Street', 'addr:unit': '111', 'amenity': 'dentist', 'healthcare': 'dentist', 'name': 'Edmonds Dental'}"
135,49.2222285,-122.9319291,2023-07-27 03:48:07+00:00,healthcare,,,Dr Kofsky Dental Office,"{'addr:housenumber': '7617', 'addr:street': '6th Street', 'amenity': 'dentist', 'healthcare': 'dentist', 'name': 'Dr Kofsky Dental Office'}"
136,49.2223164,-122.931608,2023-07-27 03:48:07+00:00,healthcare,,,MedCare Medical Clinic,"{'addr:housenumber': '7618', 'addr:street': '6th Street', 'amenity': 'clinic', 'healthcare': 'clinic', 'name': 'MedCare Medical Clinic', 'opening_hours': 'Mo,Tu,Th,Fr 08:00-17:00; Sa 09:00-16:00; We 08:00-18:00', 'phone': '+1-604-600-3911', 'website': 'https://medcareplus.ca/'}"
137,49.2189993,-122.9507764,2023-07-27 03:48:07+00:00,healthcare,,,Shafa Pharmacy,"{'addr:housenumber': '7333', 'addr:street': 'Edmonds Street', 'amenity': 'pharmacy', 'dispensing': 'yes', 'healthcare': 'pharmacy', 'name': 'Shafa Pharmacy', 'operator': 'Avicenna Pharmacy Ltd'}"
138,49.2217807,-122.9879882,2023-07-27 03:48:07+00:00,healthcare,,,Imperial Remedy's Rx Pharmacy,"{'addr:housenumber': '5262', 'addr:street': 'Imperial Street', 'amenity': 'pharmacy', 'healthcare': 'pharmacy', 'name': ""Imperial Remedy's Rx Pharmacy"", 'opening_hours': 'Mo-Fr 09:00-17:00; Sa 09:00-14:00; Su off', 'operator': 'Rx Ventures Inc'}"
139,49.281171,-122.9994898,2023-07-27 03:48:07+00:00,healthcare,,,North Burnaby Orthodontics,"{'addr:housenumber': '4619', 'addr:street': 'Hastings Street', 'amenity': 'dentist', 'healthcare': 'dentist', 'healthcare:speciality': 'orthodontics', 'name': 'North Burnaby Orthodontics', 'phone': '+1-604-678-8880', 'website': 'https://www.norburnortho.com/'}"
140,49.2807862,-122.994369,2023-07-27 03:48:07+00:00,healthcare,,,Wellness Pharmacy,"{'addr:city': 'Burnaby', 'addr:housenumber': '4828', 'addr:province': 'BC', 'addr:street': 'Hastings Street', 'addr:unit': 'A', 'amenity': 'pharmacy', 'dispensing': 'yes', 'healthcare': 'pharmacy', 'name': 'Wellness Pharmacy'}"
141,49.224028,-122.9886685,2023-07-27 03:48:07+00:00,healthcare,,,Burnaby Dental Group,"{'addr:housenumber': '6588', 'addr:street': 'Royal Oak Avenue', 'addr:unit': '101', 'amenity': 'dentist', 'check_date': '2022-11-01', 'healthcare': 'dentist', 'name': 'Burnaby Dental Group', 'phone': '+1-604-558-3372', 'website': 'https://burnabydentalgroup.com/'}"
142,49.2298155,-123.002792,2023-07-27 03:48:07+00:00,healthcare,,,Metrotown Urgent and Primary Care Centre,"{'addr:housenumber': '4555', 'addr:street': 'Kingsway', 'addr:unit': '102', 'amenity': 'clinic', 'healthcare': 'clinic', 'healthcare:speciality': 'urgent', 'level': '0', 'name': 'Metrotown Urgent and Primary Care Centre', 'opening_hours': 'Mo-Su 09:00-20:00', 'operator': 'Fraser Health', 'operator:type': 'public', 'phone': '+1-604-451-4888', 'website': 'https://www.fraserhealth.ca/Service-Directory/Service-At-Location/D/7/metrotown-urgent-and-primary-care-centre'}"
143,49.2331777,-123.016594,2023-07-27 03:48:07+00:00,healthcare,,,Enhance RX,"{'addr:housenumber': '3965', 'addr:street': 'Kingsway', 'addr:unit': '302', 'amenity': 'pharmacy', 'contact:whatsapp': '16043159238', 'delivery': 'yes', 'healthcare': 'pharmacy', 'language:cmn': 'yes', 'language:en': 'yes', 'name': 'Enhance RX', 'opening_hours': 'Mo-Fr 10:00-17:30', 'phone': '+1-604-336-7280', 'website': 'https://enhancerxcan.com/'}"
144,49.249994,-123.0195696,2023-07-27 03:48:07+00:00,healthcare,,,Principle X Cosmetics and Gynecology,"{'addr:housenumber': '3815', 'addr:street': 'Sunset Street', 'addr:unit': '201', 'amenity': 'clinic', 'email': 'info@principle-x.com', 'healthcare': 'clinic', 'healthcare:speciality': 'gynaecology;cosmetics', 'name': 'Principle X Cosmetics and Gynecology', 'opening_hours': 'Mo-Fr 09:00-16:00', 'phone': '+1-236-521-7252', 'website': 'https://principle-x.com/'}"
145,49.2550401,-122.9976252,2023-07-27 03:48:07+00:00,healthcare,,,Travel Medicine and Vaccination Centre,"{'addr:housenumber': '4585', 'addr:street': 'Canada Way', 'addr:unit': '100', 'amenity': 'clinic', 'email': 'burnaby@tmvc.com', 'healthcare': 'clinic', 'healthcare:speciality': 'travel;vaccination', 'name': 'Travel Medicine and Vaccination Centre', 'opening_hours': '""by appointment""', 'phone': '+1-604-681-5656', 'website': 'https://www.tmvc.com/locations/burnaby-clinic/'}"
146,49.2186471,-122.955632,2023-07-27 03:48:07+00:00,healthcare,,,Total Life Care,"{'addr:housenumber': '7155', 'addr:street': 'Kingsway', 'addr:unit': '250', 'amenity': 'clinic', 'branch': 'Highgate', 'healthcare': 'clinic', 'healthcare:speciality': 'family_medicine', 'name': 'Total Life Care', 'opening_hours': 'Mo-Fr 09:00-17:00; Sa 09:00-13:00', 'phone': '+1-604-438-9991'}"
147,49.2515936,-122.8967168,2023-07-27 03:48:07+00:00,healthcare,,,Highroads Medical Clinic,"{'addr:housenumber': '9855', 'addr:street': 'Austin Road', 'addr:unit': '101', 'amenity': 'clinic', 'healthcare': 'clinic', 'healthcare:speciality': 'family_medicine', 'name': 'Highroads Medical Clinic', 'opening_hours': 'Mo-Th 09:00-16:30; Fr 09:00-16:00; PH ""off""', 'phone': '+1-604-421-8820', 'website': 'https://highroadsmedical.com/burnaby-medical-clinic'}"
148,49.2182094,-122.9553327,2023-07-27 03:48:07+00:00,healthcare,,,Highgate Medical Clinic,"{'addr:housenumber': '7188', 'addr:street': 'Kingsway', 'addr:unit': '103B', 'amenity': 'clinic', 'healthcare': 'clinic', 'name': 'Highgate Medical Clinic', 'opening_hours': 'Mo-Sa 10:00-16:00', 'phone': '+1-604-777-9101'}"
149,49.2182132,-122.9552039,2023-07-27 03:48:07+00:00,healthcare,,,Mulberry Dental Clinic,"{'addr:housenumber': '7188', 'addr:street': 'Kingsway', 'addr:unit': '103', 'amenity': 'dentist', 'healthcare': 'dentist', 'name': 'Mulberry Dental Clinic', 'phone': '+1-604-517-1003', 'website': 'https://mulberrydentalburnaby.com/'}"
150,49.2330689,-123.0166923,2023-07-27 03:48:07+00:00,healthcare,,,White Oak Pain Clinic,"{'addr:housenumber': '3965', 'addr:street': 'Kingsway', 'addr:unit': '104', 'amenity': 'clinic', 'healthcare': 'clinic', 'healthcare:speciality': 'pain_management', 'name': 'White Oak Pain Clinic', 'phone': '+1-604-630-2411'}"
151,49.2190881,-122.9280847,2023-07-27 03:48:07+00:00,healthcare,,,Dr. Stuart Katz Dentistry,"{'amenity': 'dentist', 'name': 'Dr. Stuart Katz Dentistry'}"
152,49.223806,-122.9861684,2023-07-27 03:48:07+00:00,healthcare,,,Eagle Orthodontics,"{'amenity': 'dentist', 'healthcare': 'dentist', 'healthcare:speciality': 'orthodontics', 'name': 'Eagle Orthodontics'}"
153,49.2192946,-122.9283081,2023-07-27 03:48:07+00:00,healthcare,,,Bioped Footcare & Orthotics,"{'addr:unit': '108', 'amenity': 'clinic', 'name': 'Bioped Footcare & Orthotics'}"
154,49.249583,-123.0194925,2023-07-27 03:48:07+00:00,healthcare,,,Sunset Pharmacy,"{'addr:housenumber': '3818', 'addr:street': 'Sunset Street', 'amenity': 'pharmacy', 'check_date': '2023-05-28', 'healthcare': 'pharmacy', 'name': 'Sunset Pharmacy'}"
155,49.2196975,-122.9488807,2023-07-27 03:48:07+00:00,healthcare,,,Physician,"{'amenity': 'doctors', 'fixme': 'survey', 'level': '2', 'name': 'Physician'}"
