,lat,lon,timestamp,amenity,shop,leisure,name,tags
0,49.2794186,-122.967118,2023-07-27 03:48:07+00:00,,shopMall,,Safeway,"{'addr:housenumber': '6564', 'addr:street': 'Hastings Street', 'brand': 'Safeway', 'brand:wikidata': 'Q1508234', 'brand:wikipedia': 'en:Safeway Inc.', 'name': 'Safeway', 'opening_hours': 'Mo-Su 08:00-22:00', 'phone': '+1-604-291-2901', 'shop': 'supermarket', 'website': 'https://www.safeway.ca/stores/safeway-kensington-square/'}"
1,49.2806385,-122.9812629,2023-07-27 03:48:07+00:00,,shopMall,,Circle K,"{'brand': 'Circle K', 'brand:wikidata': 'Q3268010', 'brand:wikipedia': 'en:Circle K', 'name': 'Circle K', 'shop': 'convenience'}"
2,49.2545419,-123.020042,2023-07-27 03:48:07+00:00,,shopMall,,7-Eleven,"{'addr:housenumber': '3790', 'addr:street': 'Canada Way', 'brand': '7-Eleven', 'brand:wikidata': 'Q259340', 'brand:wikipedia': 'en:7-Eleven', 'name': '7-Eleven', 'name:ko': '초콜릿공장(버나비)', 'opening_hours': '24/7', 'phone': '+1-604-438-1711', 'shop': 'convenience', 'website': 'https://stores.7-eleven.ca/store/26241'}"
3,49.2274377,-123.001096,2023-07-27 03:48:07+00:00,,shopMall,,Real Canadian Superstore,"{'addr:housenumber': '4700', 'addr:street': 'Kingsway', 'brand': 'Real Canadian Superstore', 'brand:wikidata': 'Q7300856', 'brand:wikipedia': 'en:Real Canadian Superstore', 'check_date:opening_hours': '2022-02-19', 'level': '0', 'name': 'Real Canadian Superstore', 'opening_hours': '07:00-23:00', 'shop': 'supermarket', 'website': 'https://www.realcanadiansuperstore.ca/store-locator/?storeId=1518', 'wheelchair': 'yes'}"
4,49.2249256,-122.999969,2023-07-27 03:48:07+00:00,,shopMall,,大統華 T&T Supermarket,"{'addr:housenumber': '4800', 'addr:street': 'Kingsway', 'brand': 'T&T Supermarket', 'brand:wikidata': 'Q837893', 'brand:wikipedia': 'en:T & T Supermarket', 'level': '-1', 'name': '大統華 T&T Supermarket', 'name:en': 'T&T Supermarket', 'name:zh-Hans': '大统华', 'name:zh-Hant': '大統華', 'shop': 'supermarket', 'wheelchair': 'yes'}"
5,49.1986818,-122.9802613,2023-07-27 03:48:07+00:00,,shopMall,,Save-On-Foods,"{'addr:housenumber': '7501', 'addr:street': 'Market Crossing', 'brand': 'Save-On-Foods', 'brand:wikidata': 'Q7427974', 'brand:wikipedia': 'en:Save-On-Foods', 'check_date:opening_hours': '2023-05-21', 'name': 'Save-On-Foods', 'opening_hours': 'Mo-Su 07:00-22:00', 'phone': '+1-604-433-4816', 'shop': 'supermarket', 'website': 'https://www.saveonfoods.com/store/marine-way/', 'wheelchair': 'yes'}"
6,49.2186718,-122.956695,2023-07-27 03:48:07+00:00,,shopMall,,Save-On-Foods,"{'addr:housenumber': '7155', 'addr:street': 'Kingsway', 'brand': 'Save-On-Foods', 'brand:wikidata': 'Q7427974', 'brand:wikipedia': 'en:Save-On-Foods', 'name': 'Save-On-Foods', 'opening_hours': 'Mo-Su 07:00-22:00', 'pharmacy': 'yes', 'phone': '+1-604-540-1368', 'shop': 'supermarket', 'website': 'https://www.saveonfoods.com/sm/pickup/rsid/1982/highgate-village/'}"
7,49.2519216,-122.896014,2023-07-27 03:48:07+00:00,,shopMall,,Walmart,"{'addr:housenumber': '9855', 'addr:street': 'Austin Avenue', 'brand': 'Walmart', 'brand:wikidata': 'Q483551', 'brand:wikipedia': 'en:Walmart', 'check_date': '2023-03-31', 'level': '0', 'name': 'Walmart', 'name:en': 'Walmart', 'operator': 'Walmart', 'payment:mastercard': 'yes', 'payment:visa': 'yes', 'shop': 'department_store'}"
8,49.2516714,-122.89643,2023-07-27 03:48:07+00:00,healthcare,shopMall,,London Drugs,"{'addr:city': 'Burnaby', 'addr:housenumber': '9855', 'addr:street': 'Austin Avenue', 'amenity': 'pharmacy', 'brand': 'London Drugs', 'brand:wikidata': 'Q3258955', 'brand:wikipedia': 'en:London Drugs', 'check_date': '2023-02-28', 'dispensing': 'yes', 'healthcare': 'pharmacy', 'name': 'London Drugs', 'opening_hours': 'Mo-Su 10:00-21:00', 'operator': 'London Drugs Limited', 'shop': 'department_store', 'website': 'http://lougheedtowncentre.com'}"
9,49.2144445,-122.9891521,2023-07-27 03:48:07+00:00,,shopMall,,Buy-Low Foods,"{'addr:housenumber': '7641', 'name': 'Buy-Low Foods', 'opening_hours': 'Mo-Su 08:00-21:00', 'shop': 'supermarket'}"
10,49.2512647,-123.0016995,2023-07-27 03:48:07+00:00,,shopMall,,The Stand,"{'name': 'The Stand', 'shop': 'convenience'}"
11,49.2644823,-122.914341,2023-07-27 03:48:07+00:00,,shopMall,,Mountain Village Market,"{'addr:unit': '29', 'name': 'Mountain Village Market', 'phone': '+1-604-421-8855', 'shop': 'general'}"
12,49.2502143,-122.8959237,2023-07-27 03:48:07+00:00,,shopMall,,Hudson's Bay,"{'addr:housenumber': '9855', 'addr:street': 'Austin Avenue', 'alt_name': 'The Bay', 'brand': ""Hudson's Bay"", 'brand:wikidata': 'Q641129', 'brand:wikipedia': ""en:Hudson's Bay (department store)"", 'check_date': '2023-02-23', 'name': ""Hudson's Bay"", 'name:en': ""Hudson's Bay Company"", 'shop': 'department_store', 'wheelchair': 'yes'}"
13,49.2200005,-122.928376,2023-07-27 03:48:07+00:00,,shopMall,,The Pie Hole,"{'addr:city': 'Burnaby', 'addr:housenumber': '7832', 'addr:province': 'BC', 'addr:street': '6th Street', 'name': 'The Pie Hole', 'shop': 'bakery', 'website': 'https://www.thepiehole.com/'}"
14,49.2699026,-122.946036,2023-07-27 03:48:07+00:00,,shopMall,,Sungiven Foods,"{'cuisine': 'chinese', 'name': 'Sungiven Foods', 'note': '""opening soon"" May 2022', 'opening_hours': 'Mo-Su 09:00-21:00; 2023 Jul 1-27 closed', 'shop': 'supermarket', 'website': 'https://sungivenfoods.ca/'}"
15,49.2004663,-122.9825612,2023-07-27 03:48:07+00:00,,shopMall,,Canadian Tire,"{'addr:city': 'Burnaby', 'addr:housenumber': '7200', 'addr:postcode': 'V5J 0A2', 'addr:street': 'Market Crossing', 'brand': 'Canadian Tire', 'brand:wikidata': 'Q1032400', 'brand:wikipedia': 'en:Canadian Tire', 'name': 'Canadian Tire', 'opening_hours': 'Mo-Su 08:00-21:00', 'phone': '+1-604-451-5888', 'shop': 'department_store', 'website': 'https://www.canadiantire.ca/'}"
16,49.2548898,-122.9216195,2023-07-27 03:48:07+00:00,,shopMall,,William F White,"{'addr:housenumber': '8369', 'addr:street': 'Lougheed Highway', 'name': 'William F White', 'shop': 'wholesale'}"
17,49.281941,-123.003218,2023-07-27 03:48:07+00:00,,shopMall,,Burnaby Heights Market,"{'addr:housenumber': '281', 'addr:street': 'Willingdon', 'name': 'Burnaby Heights Market', 'shop': 'convenience'}"
18,49.2197012,-122.949523,2023-07-27 03:48:07+00:00,,shopMall,,Tommy's Market,"{'addr:housenumber': '7375', 'addr:street': 'Edmonds Street', 'name': ""Tommy's Market"", 'operator': ""Tommy's Market Ltd"", 'shop': 'greengrocer', 'wheelchair': 'yes'}"
19,49.2240096,-122.9415294,2023-07-27 03:48:07+00:00,,shopMall,,7-Eleven,"{'brand': '7-Eleven', 'brand:wikidata': 'Q259340', 'brand:wikipedia': 'en:7-Eleven', 'name': '7-Eleven', 'opening_hours': '24/7', 'shop': 'convenience', 'wheelchair': 'yes'}"
20,49.224885,-122.98921,2023-07-27 03:48:07+00:00,,shopMall,,Baby Square,"{'addr:housenumber': '5172', 'addr:street': 'Kingsway', 'addr:unit': '140', 'check_date': '2022-11-01', 'name': 'Baby Square', 'opening_hours': 'Mo-Sa 11:00-18:00; Su 12:00-17:00', 'phone': '+1-604-451-0878', 'shop': 'baby_goods', 'website': 'https://babysquare.ca/'}"
21,49.1996538,-122.981357,2023-07-27 03:48:07+00:00,,shopMall,,Mark's,"{'branch': 'Work Warehouse', 'brand': ""Mark's"", 'brand:wikidata': 'Q6766373', 'brand:wikipedia': ""en:Mark's"", 'name': ""Mark's"", 'opening_hours': 'Mo-Fr 09:00-21:00; Sa 09:00-18:00; PH,Su 10:00-18:00', 'shop': 'clothes'}"
22,49.2619803,-123.0228796,2023-07-27 03:48:07+00:00,,shopMall,,Stormtech Factory Outlet,"{'addr:housenumber': '2550', 'addr:street': 'Boundary Road', 'name': 'Stormtech Factory Outlet', 'opening_hours': '10:00-18:00', 'shop': 'clothes', 'website': 'https://www.stormtech.ca/pages/stormtech-factory-outlet'}"
23,49.2217633,-122.9710252,2023-07-27 03:48:07+00:00,,shopMall,,Windsor Grocery,"{'addr:housenumber': '6366', 'addr:street': 'Imperial Street', 'name': 'Windsor Grocery', 'shop': 'convenience'}"
24,49.2654166,-122.978001,2023-07-27 03:48:07+00:00,,shopMall,,Buy Low Foods,"{'name': 'Buy Low Foods', 'opening_hours': 'Mo-Su 08:00-21:00', 'payment:cash': 'yes', 'payment:credit_cards': 'yes', 'payment:debit_cards': 'yes', 'phone': '+1-604-888-1121', 'shop': 'supermarket', 'website': 'https://www.buy-low.com/'}"
25,49.2802453,-122.9648987,2023-07-27 03:48:07+00:00,,shopMall,,Simon Fraser Market,"{'name': 'Simon Fraser Market', 'shop': 'convenience'}"
26,49.264378,-122.9817028,2023-07-27 03:48:07+00:00,,shopMall,,Express News & Smokes,"{'name': 'Express News & Smokes', 'shop': 'convenience'}"
27,49.2788959,-122.9173857,2023-07-27 03:48:07+00:00,,shopMall,,Simon C,"{'name': 'Simon C', 'shop': 'convenience'}"
28,49.2209425,-122.977026,2023-07-27 03:48:07+00:00,,shopMall,,SAS Comfort Shoes,"{'addr:housenumber': '5900', 'addr:street': 'Kingsway', 'name': 'SAS Comfort Shoes', 'opening_hours': 'Mo-Fr 10:00-18:00; Sa 10:00-17:00; Su 11:00-16:00', 'phone': '+1-604-558-4727', 'shop': 'shoes', 'website': 'https://mysasshoes.ca'}"
29,49.214605,-122.9881028,2023-07-27 03:48:07+00:00,,shopMall,,BJ Bakery & Deli,"{'addr:housenumber': '7604', 'name': 'BJ Bakery & Deli', 'opening_hours:covid19': 'Tu-Sa 09:00-03:00', 'shop': 'bakery', 'website': 'https://www.yelp.ca/biz/bj-bakery-and-deli-burnaby'}"
30,49.2246448,-122.9891519,2023-07-27 03:48:07+00:00,,shopMall,,Boemma Euro Foods & Deli,"{'addr:city': 'Burnaby', 'addr:housenumber': '5172', 'addr:postcode': 'V5H 2E8', 'addr:street': 'Kingsway', 'check_date': '2022-11-01', 'name': 'Boemma Euro Foods & Deli', 'opening_hours': 'Tu-Sa 10:00-18:00; Su 10:00-17:00', 'phone': '+1-604-437-5557', 'shop': 'supermarket'}"
31,49.2215951,-122.931158,2023-07-27 03:48:07+00:00,,shopMall,,Beauty 4 Ashes African Super Market,"{'addr:housenumber': '7667', 'addr:street': '6th Street', 'name': 'Beauty 4 Ashes African Super Market', 'shop': 'general'}"
32,49.2229166,-122.9328245,2023-07-27 03:48:07+00:00,,shopMall,,Sabzi Mandi Supermarket,"{'name': 'Sabzi Mandi Supermarket', 'opening_hours': 'Mo-Su 09:00-20:00', 'shop': 'greengrocer'}"
33,49.2223539,-122.9321012,2023-07-27 03:48:07+00:00,,shopMall,,Sun Farm,"{'name': 'Sun Farm', 'opening_hours': 'Mo-Su 09:00-20:00', 'shop': 'greengrocer'}"
34,49.2660422,-123.004925,2023-07-27 03:48:07+00:00,,shopMall,,Whole Foods Market,"{'addr:city': 'Burnaby', 'addr:housenumber': '4420', 'addr:street': 'Lougheed Highway', 'brand': 'Whole Foods Market', 'brand:wikidata': 'Q1809448', 'brand:wikipedia': 'en:Whole Foods Market', 'name': 'Whole Foods Market', 'opening_hours': 'Mo-Su 08:00-21:00', 'shop': 'supermarket'}"
35,49.2542671,-123.0012171,2023-07-27 03:48:07+00:00,,shopMall,,The Stand,"{'name': 'The Stand', 'shop': 'convenience'}"
36,49.2806292,-122.9815417,2023-07-27 03:48:07+00:00,,shopMall,,Hill's Bakery,"{'name': ""Hill's Bakery"", 'shop': 'bakery'}"
37,49.2265734,-123.0045685,2023-07-27 03:48:07+00:00,,shopMall,,Express News,"{'name': 'Express News', 'name:en': 'Express News', 'shop': 'convenience'}"
38,49.2254307,-122.9977573,2023-07-27 03:48:07+00:00,,shopMall,,Steve Madden,"{'brand': 'Steve Madden', 'brand:wikidata': 'Q25352034', 'brand:wikipedia': 'en:Steve Madden (company)', 'level': '0', 'name': 'Steve Madden', 'name:en': 'Steve Madden', 'shop': 'shoes'}"
39,49.2255001,-122.997919,2023-07-27 03:48:07+00:00,,shopMall,,Oak and Fort,"{'addr:housenumber': '4820', 'addr:street': 'Kingsway', 'addr:unit': '210', 'email': 'metrotown@oakandfort.com', 'level': '0', 'name': 'Oak and Fort', 'opening_hours': 'Mo-Sa 10:00-21:00; Su 11:00-19:00', 'phone': '+1-604-559-9575', 'shop': 'clothes'}"
40,49.2255507,-122.998961,2023-07-27 03:48:07+00:00,,shopMall,,Victoria's Secret,"{'addr:housenumber': '4700', 'addr:street': 'Kingsway', 'brand': ""Victoria's Secret"", 'brand:wikidata': 'Q332477', 'brand:wikipedia': ""en:Victoria's Secret"", 'clothes': 'underwear;women', 'level': '0', 'name': ""Victoria's Secret"", 'name:en': ""Victoria's Secret"", 'opening_hours': 'Mo-Sa 10:00-21:00; Su 11:00-19:00', 'phone': '+1-604-435-0419', 'shop': 'clothes', 'website': 'https://www.victoriassecret.com/ca/store-locator#store/1582', 'wheelchair': 'yes'}"
41,49.2260179,-122.999581,2023-07-27 03:48:07+00:00,,shopMall,,Banana Republic,"{'addr:housenumber': '4800', 'addr:street': 'Kingsway', 'addr:unit': '221', 'brand': 'Banana Republic', 'brand:wikidata': 'Q806085', 'brand:wikipedia': 'en:Banana Republic', 'clothes': 'men;women', 'level': '0', 'name': 'Banana Republic', 'opening_hours': 'Tu-Sa 10:00-21:00; Su-Mo 11:00-19:00', 'phone': '+1-604-438-7900', 'shop': 'clothes', 'website': 'https://bananarepublic.gapcanada.ca/stores/bc/burnaby/metropolis-3183', 'wheelchair': 'yes'}"
42,49.2263981,-123.000465,2023-07-27 03:48:07+00:00,,shopMall,,The Children's Place,"{'addr:housenumber': '4700', 'addr:street': 'Kingsway', 'alt_name': ""Children's Place"", 'brand': ""The Children's Place"", 'brand:wikidata': 'Q3520257', 'brand:wikipedia': ""en:The Children's Place"", 'level': '0', 'name': ""The Children's Place"", 'opening_hours': 'Tu-Sa 10:00-21:00; Su-Mo 11:00-19:00', 'phone': '+1-604-245-3563', 'shop': 'clothes', 'website': 'https://www.childrensplace.com/ca/store/metropolisatmetrotown-bc-burnaby-V5H4M1-123216'}"
43,49.2262167,-122.99834,2023-07-27 03:48:07+00:00,,shopMall,,Urban Planet,"{'addr:housenumber': '4700', 'addr:street': 'Kingsway', 'brand': 'Urban Planet', 'brand:wikidata': 'Q112965875', 'level': '0', 'name': 'Urban Planet', 'opening_hours': 'Mo-Sa 10:00-19:00; Su 11:00-19:00', 'phone': '+1-604-436-1212', 'shop': 'clothes', 'website': 'https://urban-planet.com/pages/urban-behavior-metropolis-at-metrotown', 'wheelchair': 'yes'}"
44,49.2263245,-123.00027,2023-07-27 03:48:07+00:00,,shopMall,,Browns,"{'addr:housenumber': '4700', 'addr:street': 'Kingsway', 'brand': 'Browns', 'brand:wikidata': 'Q16954153', 'brand:wikipedia': 'en:Browns Shoes', 'level': '0', 'name': 'Browns', 'opening_hours': 'Mo-Sa 10:00-21:00; Su 11:00-19:00', 'phone': '+1-604-430-0463', 'shop': 'shoes', 'website': 'https://www.brownsshoes.com/'}"
45,49.2257218,-122.99791,2023-07-27 03:48:07+00:00,,shopMall,,Call It Spring,"{'addr:housenumber': '4700', 'addr:street': 'Kingsway', 'brand': 'Call It Spring', 'brand:wikidata': 'Q7580363', 'check_date': '2023-06-25', 'level': '0', 'name': 'Call It Spring', 'phone': '+1-778-329-0877', 'shop': 'shoes', 'website': 'https://www.callitspring.com/ca/en/store-locator/store/3135'}"
46,49.2254577,-122.9996288,2023-07-27 03:48:07+00:00,,shopMall,,Labels,"{'level': '0', 'name': 'Labels', 'shop': 'clothes'}"
47,49.2253039,-122.999297,2023-07-27 03:48:07+00:00,,shopMall,,Ardene,"{'addr:housenumber': '4800', 'addr:street': 'Kingsway', 'brand': 'Ardene', 'brand:wikidata': 'Q2860764', 'brand:wikipedia': 'en:Ardene', 'level': '0', 'name': 'Ardene', 'name:en': 'Ardene', 'phone': '+1-778-786-4395', 'shop': 'clothes', 'website': 'https://www.ardene.com/'}"
48,49.2261845,-122.999963,2023-07-27 03:48:07+00:00,,shopMall,,Victoria's Secret,"{'brand': ""Victoria's Secret"", 'brand:wikidata': 'Q332477', 'brand:wikipedia': ""en:Victoria's Secret"", 'clothes': 'underwear;women', 'level': '0', 'name': ""Victoria's Secret"", 'name:en': ""Victoria's Secret Pink"", 'shop': 'clothes'}"
49,49.2264655,-123.000625,2023-07-27 03:48:07+00:00,,shopMall,,Stockhomme,"{'level': '0', 'name': 'Stockhomme', 'name:en': 'Stockhomme', 'shop': 'clothes'}"
50,49.2262519,-122.9995133,2023-07-27 03:48:07+00:00,,shopMall,,Esprit,"{'brand': 'Esprit', 'brand:wikidata': 'Q532746', 'brand:wikipedia': 'en:Esprit Holdings', 'level': '0', 'name': 'Esprit', 'name:en': 'Esprit', 'shop': 'clothes'}"
51,49.2264165,-122.998652,2023-07-27 03:48:07+00:00,,shopMall,,Reitmans,"{'addr:housenumber': '4800', 'addr:street': 'Kingsway', 'brand': 'Reitmans', 'brand:wikidata': 'Q7310506', 'brand:wikipedia': 'en:Reitmans', 'clothes': 'women', 'level': '0', 'name': 'Reitmans', 'opening_hours': 'Tu-Sa 10:00-21:00; Su-Mo 11:00-19:00', 'phone': '+1-604-439-1691', 'shop': 'clothes', 'website': 'https://locations.reitmans.com/bc-burnaby-608'}"
52,49.2262068,-122.9993988,2023-07-27 03:48:07+00:00,,shopMall,,J2,"{'level': '0', 'name': 'J2', 'name:en': 'J2', 'shop': 'clothes', 'wheelchair': 'yes'}"
53,49.226222,-122.998841,2023-07-27 03:48:07+00:00,,shopMall,,H&M,"{'addr:housenumber': '4720', 'addr:street': 'Kingsway', 'addr:unit': 'M5', 'brand': 'H&M', 'brand:wikidata': 'Q188326', 'brand:wikipedia': 'en:H&M', 'level': '-1;0', 'name': 'H&M', 'opening_hours': 'Mo-Sa 10:00-21:00; Su 11:00-19:00', 'shop': 'clothes', 'website': 'https://www2.hm.com/en_ca/customer-service/shopping-at-hm/local-store.CA0059.html', 'wheelchair': 'yes'}"
54,49.2263358,-122.999826,2023-07-27 03:48:07+00:00,,shopMall,,Marciano,"{'level': '0', 'name': 'Marciano', 'name:en': 'Marciano', 'shop': 'clothes'}"
55,49.2256914,-122.998338,2023-07-27 03:48:07+00:00,,shopMall,,Change Lingerie,"{'clothes': 'underwear', 'level': '0', 'name': 'Change Lingerie', 'shop': 'clothes'}"
56,49.2267635,-123.001187,2023-07-27 03:48:07+00:00,,shopMall,,Roots,"{'addr:housenumber': '4700', 'addr:street': 'Kingsway', 'addr:unit': '1119', 'brand': 'Roots', 'brand:wikidata': 'Q7366633', 'brand:wikipedia': 'en:Roots Canada', 'level': '0', 'name': 'Roots', 'opening_hours': 'Mo-Sa 10:00-21:00; Su 11:00-19:00', 'phone': '+1-604-435-5554', 'shop': 'clothes', 'website': 'https://www.roots.com/ca/en/store-locator?storeId=160&zip=V5H%204M1&city=Burnaby&state=BC&country=CA'}"
57,49.2266083,-123.000772,2023-07-27 03:48:07+00:00,,shopMall,,Journeys,"{'addr:housenumber': '4700', 'addr:street': 'Kingsway', 'brand': 'Journeys', 'brand:wikidata': 'Q61994838', 'level': '0', 'name': 'Journeys', 'opening_hours': 'Mo-Sa 10:00-21:00; Su 11:00-19:00', 'phone': '+1-604-235-6257', 'shop': 'shoes', 'website': 'https://www.journeys.ca/store/journeys-metropolis-at-metrotown'}"
58,49.2270792,-123.0000453,2023-07-27 03:48:07+00:00,,shopMall,,Lids,"{'brand': 'Lids', 'brand:wikidata': 'Q19841609', 'brand:wikipedia': 'en:Lids (store)', 'clothes': 'hats', 'level': '0', 'name': 'Lids', 'name:en': 'Lids', 'shop': 'clothes'}"
59,49.2265256,-123.001256,2023-07-27 03:48:07+00:00,,shopMall,,Nike,"{'addr:housenumber': '4700', 'addr:street': 'Kingsway', 'addr:unit': '1221', 'brand': 'Nike', 'brand:wikidata': 'Q483915', 'brand:wikipedia': 'en:Nike, Inc.', 'level': '0', 'name': 'Nike', 'name:en': 'Nike', 'opening_hours': 'Mo-Sa 10:00-19:00', 'phone': '+1-604-430-6453', 'shop': 'clothes', 'website': 'https://www.nike.com/ca/retail/s/nike-metrotown'}"
60,49.2265757,-123.000875,2023-07-27 03:48:07+00:00,,shopMall,,Soft Moc,"{'addr:housenumber': '4700', 'addr:street': 'Kingsway', 'addr:unit': '1218A', 'brand': 'Soft Moc', 'brand:wikidata': 'Q65012391', 'level': '0', 'name': 'Soft Moc', 'opening_hours': 'Mo-Sa 10:00-21:00; Su 11:00-19:00', 'phone': '+1-604-451-9499', 'shop': 'shoes', 'website': 'https://www.softmoc.com/ca/locations/metropolis'}"
61,49.2265603,-123.000995,2023-07-27 03:48:07+00:00,,shopMall,,Foot Locker,"{'addr:housenumber': '4700', 'addr:street': 'Kingsway', 'addr:unit': '1219', 'brand': 'Foot Locker', 'brand:wikidata': 'Q63335', 'brand:wikipedia': 'en:Foot Locker', 'level': '0', 'name': 'Foot Locker', 'opening_hours': 'Mo-Sa 10:00-21:00; Su 11:00-19:00', 'phone': '+1-604-433-7877', 'shop': 'shoes', 'website': 'https://stores.footlocker.ca/en/bc/burnaby/4700-kingsway-99287.html'}"
62,49.2267672,-122.999931,2023-07-27 03:48:07+00:00,,shopMall,,Club Monaco,"{'brand': 'Club Monaco', 'brand:wikidata': 'Q2979949', 'brand:wikipedia': 'en:Club Monaco', 'level': '0', 'name': 'Club Monaco', 'name:en': 'Club Monaco', 'shop': 'clothes'}"
63,49.2270699,-123.000384,2023-07-27 03:48:07+00:00,,shopMall,,Lids,"{'addr:housenumber': '4700', 'addr:street': 'Kingsway', 'addr:unit': '1135', 'brand': 'Lids', 'brand:wikidata': 'Q19841609', 'clothes': 'hats', 'level': '0', 'name': 'Lids', 'opening_hours': 'Mo-Sa 10:00-21:00; Su 11:00-18:00', 'phone': '+1-604-432-9615', 'shop': 'clothes', 'website': 'https://www.lids.ca/en/store/lids-metropolis-at-metrotown/sd-18077028+z-9818990-1039479389', 'wheelchair': 'yes'}"
64,49.2267754,-123.0010822,2023-07-27 03:48:07+00:00,,shopMall,,Naturalizer,"{'brand': 'Naturalizer', 'brand:wikidata': 'Q65012038', 'level': '0', 'name': 'Naturalizer', 'name:en': 'Naturalizer', 'shop': 'shoes'}"
65,49.2265486,-123.0010975,2023-07-27 03:48:07+00:00,,shopMall,,Fly Zone,"{'level': '0', 'name': 'Fly Zone', 'name:en': 'Fly Zone', 'shop': 'clothes'}"
66,49.227124,-123.000325,2023-07-27 03:48:07+00:00,,shopMall,,Cupcakes,"{'addr:housenumber': '4700', 'addr:street': 'Kingsway', 'addr:unit': '1136A', 'email': 'metrotown@originalcupcakes.com', 'indoor_seating': 'no', 'level': '0', 'name': 'Cupcakes', 'opening_hours': 'Mo-Th 10:00-19:00; Fr-Sa 10:00-20:00; Su 11:00-19:00', 'outdoor_seating': 'no', 'phone': '+1-604-451-1400', 'shop': 'bakery', 'takeaway': 'only', 'website': 'https://metrotown.originalcupcakes.com/', 'wheelchair': 'yes'}"
67,49.2269457,-122.9999075,2023-07-27 03:48:07+00:00,,shopMall,,The Men's Club,"{'level': '0', 'name': ""The Men's Club"", 'name:en': ""The Men's Club"", 'shop': 'clothes'}"
68,49.2270146,-122.999703,2023-07-27 03:48:07+00:00,,shopMall,,J76,"{'level': '0', 'name': 'J76', 'shop': 'clothes'}"
69,49.2269517,-123.001101,2023-07-27 03:48:07+00:00,,shopMall,,Saint Germain Bakery,"{'addr:housenumber': '4720', 'addr:street': 'Kingsway', 'addr:unit': '1120C', 'email': 'customer@saintgermainbakery.com', 'indoor_seating': 'no', 'level': '0', 'name': 'Saint Germain Bakery', 'name:en': 'Saint Germain Bakery', 'name:zh-Hans': '新之美餅店', 'opening_hours': 'Mo-Sa 10:00-19:30; Su 11:00-19:00', 'outdoor_seating': 'no', 'phone': '+1-604-438-8182', 'shop': 'bakery', 'takeaway': 'only', 'website': 'https://www.saintgermainbakery.com/', 'wheelchair': 'yes'}"
70,49.2268252,-123.001396,2023-07-27 03:48:07+00:00,,shopMall,,Jack & Jones,"{'brand': 'Jack & Jones', 'brand:wikidata': 'Q6077665', 'level': '1', 'name': 'Jack & Jones', 'name:en': 'Jack Jones', 'shop': 'clothes', 'wheelchair': 'yes'}"
71,49.2262947,-123.001588,2023-07-27 03:48:07+00:00,,shopMall,,Out This World,"{'level': '0', 'name': 'Out This World', 'shop': 'shoes', 'wheelchair': 'yes'}"
72,49.2267664,-123.001895,2023-07-27 03:48:07+00:00,,shopMall,,Sneakerbox,"{'level': '1', 'name': 'Sneakerbox', 'shop': 'clothes', 'wheelchair': 'yes'}"
73,49.2268571,-123.0011369,2023-07-27 03:48:07+00:00,,shopMall,,Champs,"{'level': '1', 'name': 'Champs', 'name:en': 'Champs', 'shop': 'shoes', 'wheelchair': 'yes'}"
74,49.2267972,-123.001634,2023-07-27 03:48:07+00:00,,shopMall,,Tommy Hilfiger,"{'brand': 'Tommy Hilfiger', 'brand:wikidata': 'Q634881', 'level': '1', 'name': 'Tommy Hilfiger', 'shop': 'clothes', 'wheelchair': 'yes'}"
75,49.2267403,-123.002145,2023-07-27 03:48:07+00:00,,shopMall,,Zumiez,"{'addr:housenumber': '4700', 'addr:street': 'Kingsway', 'addr:unit': '2295', 'brand': 'Zumiez', 'brand:wikidata': 'Q8075252', 'brand:wikipedia': 'en:Zumiez', 'level': '1', 'name': 'Zumiez', 'name:en': 'Zumiez', 'phone': '+1-604-431-1968', 'shop': 'clothes', 'website': 'https://www.zumiez.ca/storelocator/store/index/id/001/us/bc/burnaby/metropolis-at-metrotown/', 'wheelchair': 'yes'}"
76,49.2275173,-123.0003492,2023-07-27 03:48:07+00:00,,shopMall,,Foot Locker,"{'brand': 'Foot Locker', 'brand:wikidata': 'Q63335', 'brand:wikipedia': 'en:Foot Locker', 'level': '0', 'name': 'Foot Locker', 'name:en': 'Foot Locker', 'shop': 'shoes'}"
77,49.2268404,-123.001277,2023-07-27 03:48:07+00:00,,shopMall,,Skechers,"{'addr:housenumber': '4700', 'addr:street': 'Kingsway', 'addr:unit': '2119', 'brand': 'Skechers', 'brand:wikidata': 'Q2945643', 'brand:wikipedia': 'en:Skechers', 'level': '1', 'name': 'Skechers', 'opening_hours': 'Mo-Sa 10:00-21:00; Su 11:00-19:00', 'phone': '+1-604-439-1632', 'shop': 'shoes', 'wheelchair': 'yes'}"
78,49.226721,-123.002331,2023-07-27 03:48:07+00:00,,shopMall,,La Senza,"{'addr:housenumber': '4700', 'addr:street': 'Kingsway', 'addr:unit': '2290', 'brand': 'La Senza', 'brand:wikidata': 'Q3212802', 'brand:wikipedia': 'en:La Senza', 'level': '1', 'name': 'La Senza', 'phone': '+1-604-435-2212', 'shop': 'clothes', 'website': 'https://www.lasenza.com/store-details/?StoreID=LZA109', 'wheelchair': 'yes'}"
79,49.2275666,-123.000438,2023-07-27 03:48:07+00:00,,shopMall,,House of Hoops,"{'brand': 'House of Hoops', 'brand:wikidata': 'Q108232933', 'name': 'House of Hoops', 'name:en': 'House of Hoops', 'official_name': 'House of Hoops by Foot Locker', 'shop': 'shoes'}"
80,49.2261462,-123.0015456,2023-07-27 03:48:07+00:00,,shopMall,,Urban Behavior,"{'level': '0', 'name': 'Urban Behavior', 'name:en': 'Urban Behavior', 'shop': 'clothes', 'wheelchair': 'yes'}"
81,49.2267811,-123.001768,2023-07-27 03:48:07+00:00,,shopMall,,Hot Topic,"{'addr:housenumber': '4700', 'addr:street': 'Kingsway', 'brand': 'Hot Topic', 'brand:wikidata': 'Q9294032', 'brand:wikipedia': 'en:Hot Topic', 'level': '1', 'name': 'Hot Topic', 'name:en': 'Hot Topic', 'opening_hours': 'Mo-Sa 10:00-21:00; Su 11:00-19:00', 'phone': '+1-604-451-9701', 'shop': 'clothes', 'website': 'https://www.hottopic.com/store-details?StoreId=2512', 'wheelchair': 'yes'}"
82,49.2255745,-122.9980644,2023-07-27 03:48:07+00:00,,shopMall,,Sheffield Express,"{'level': '1', 'name': 'Sheffield Express', 'name:en': 'Sheffield Express', 'shop': 'convenience', 'wheelchair': 'yes'}"
83,49.2257685,-122.998438,2023-07-27 03:48:07+00:00,,shopMall,,Little Burgundy,"{'addr:housenumber': '4820', 'addr:street': 'Kingsway', 'brand': 'Little Burgundy', 'brand:wikidata': 'Q72984664', 'level': '1', 'name': 'Little Burgundy', 'name:en': 'Little Burgundy', 'opening_hours': 'Mo-Sa 10:00-21:00; Su 11:00-19:00', 'phone': '+1-604-430-6361', 'shop': 'shoes', 'website': 'https://www.littleburgundyshoes.com/store/Little-Burgundy-6200', 'wheelchair': 'yes'}"
84,49.2262606,-122.998683,2023-07-27 03:48:07+00:00,,shopMall,,Freddy Pant Room,"{'level': '1', 'name': 'Freddy Pant Room', 'shop': 'clothes', 'website': 'https://freddypantroom.com/'}"
85,49.2262456,-123.000276,2023-07-27 03:48:07+00:00,,shopMall,,True Religion,"{'branch': 'Brand Jeans', 'brand': 'True Religion', 'brand:wikidata': 'Q2456205', 'brand:wikipedia': 'en:True Religion (clothing brand)', 'clothes': 'denim', 'level': '1', 'name': 'True Religion', 'shop': 'clothes'}"
86,49.2260723,-122.999877,2023-07-27 03:48:07+00:00,,shopMall,,Boys' Co Ivy Room,"{'level': '1', 'name': ""Boys' Co Ivy Room"", 'shop': 'clothes'}"
87,49.2270073,-123.000261,2023-07-27 03:48:07+00:00,,shopMall,,Loft,"{'brand': 'Loft', 'brand:wikidata': 'Q62075137', 'brand:wikipedia': 'en:Ann Inc.', 'clothes': 'women', 'fixme': 'Confirm if tihs still exists', 'level': '1', 'name': 'Loft', 'shop': 'clothes'}"
88,49.2266026,-123.001047,2023-07-27 03:48:07+00:00,,shopMall,,RW&CO.,"{'addr:housenumber': '4700', 'addr:street': 'Kingsway', 'brand': 'RW&CO.', 'brand:wikidata': 'Q65965663', 'clothes': 'women;men', 'level': '1', 'name': 'RW&CO.', 'opening_hours': 'Tu-Sa 10:00-21:00; Su-Mo 11:00-19:00', 'phone': '+1-604-434-4851', 'shop': 'clothes', 'website': 'https://locations.rw-co.com/bc-burnaby-2218'}"
89,49.226548,-123.001434,2023-07-27 03:48:07+00:00,,shopMall,,Ever New,"{'addr:housenumber': '4700', 'addr:street': 'Kingsway', 'addr:unit': '2188', 'level': '1', 'name': 'Ever New', 'opening_hours': 'Mo-Sa 10:00-21:00; Su 11:00-19:00', 'phone': '+1-604-423 4609', 'shop': 'clothes', 'website': 'https://www.evernew.ca/locator#ever-new-metropolis'}"
90,49.2260122,-122.998492,2023-07-27 03:48:07+00:00,,shopMall,,Levi's,"{'addr:housenumber': '4800', 'addr:street': 'Kingsway', 'brand': ""Levi's"", 'brand:wikidata': 'Q127962', 'brand:wikipedia': 'en:Levi Strauss & Co.', 'clothes': 'denim;men;women', 'level': '1', 'name': ""Levi's"", 'name:en': ""Levi's"", 'opening_hours': 'Mo-Sa 10:00-21:00; Su 11:00-19:00', 'phone': '+1-604-438-5384', 'shop': 'clothes', 'website': 'https://locations.levi.com/en-ca/bc/burnaby/denim_burnaby_bc_ca101.html', 'wheelchair': 'yes'}"
91,49.2256036,-122.998989,2023-07-27 03:48:07+00:00,,shopMall,,A Step Ahead Footwear,"{'level': '1', 'name': 'A Step Ahead Footwear', 'name:en': 'A Step Ahead Footwear', 'opening_hours': 'Mo-Sa 10:00-21:00; Su 11:00-19:00', 'phone': '+1-604-437-5600', 'shop': 'shoes', 'website': 'https://www.astepaheadfootwear.com/', 'wheelchair': 'yes'}"
92,49.2253015,-122.99914,2023-07-27 03:48:07+00:00,,shopMall,,Metropolis Alterations,"{'addr:housenumber': '4800', 'addr:street': 'Kingsway', 'addr:unit': '364', 'email': 'metropolisalterations@gmail.com', 'level': '1', 'name': 'Metropolis Alterations', 'phone': '+1-604-438-8974', 'shop': 'clothes', 'website': 'https://www.metropolisalterations.com/'}"
93,49.2258926,-122.999387,2023-07-27 03:48:07+00:00,,shopMall,,Kate Spade New York,"{'addr:housenumber': '4800', 'addr:street': 'Kingsway', 'addr:unit': '332', 'brand': 'Kate Spade New York', 'brand:wikidata': 'Q6375797', 'brand:wikipedia': 'en:Kate Spade New York', 'level': '1', 'name': 'Kate Spade New York', 'opening_hours': 'Mo-Sa 10:00-19:00; Su 11:00-19:00', 'phone': '+1-778-452-9827', 'shop': 'clothes', 'short_name': 'Kate Spade', 'website': 'https://www.katespade.com/stores/ca/bc/burnaby/332-4800-kingsway', 'wheelchair': 'yes'}"
94,49.2264152,-122.999927,2023-07-27 03:48:07+00:00,,shopMall,,Garage,"{'brand': 'Garage', 'brand:wikidata': 'Q5521860', 'brand:wikipedia': 'en:Garage (clothing retailer)', 'clothes': 'women', 'level': '1', 'name': 'Garage', 'shop': 'clothes'}"
95,49.2267555,-123.000043,2023-07-27 03:48:07+00:00,,shopMall,,Boathouse,"{'addr:housenumber': '4700', 'addr:street': 'Kingsway', 'addr:unit': '2155A', 'level': '1', 'name': 'Boathouse', 'phone': '+1-604-430-4602', 'shop': 'clothes', 'website': 'https://boathousestores.com/'}"
96,49.2269805,-122.999264,2023-07-27 03:48:07+00:00,,shopMall,,Old Navy,"{'addr:housenumber': '4700', 'addr:street': 'Kingsway', 'addr:unit': 'E14', 'brand': 'Old Navy', 'brand:wikidata': 'Q2735242', 'brand:wikipedia': 'en:Old Navy', 'level': '1', 'name': 'Old Navy', 'name:en': 'Old Navy', 'opening_hours': 'Mo-Sa 10:00-21:00; Su 11:00-19:00', 'phone': '+1-604-451-9064', 'shop': 'clothes', 'website': 'https://oldnavy.gapcanada.ca/stores/bc/burnaby/metropolis-3461'}"
97,49.2272336,-123.0005571,2023-07-27 03:48:07+00:00,,shopMall,,Plen+y,"{'level': '1', 'name': 'Plen+y', 'name:en': 'Plen+y', 'shop': 'clothes', 'wheelchair': 'yes'}"
98,49.2263774,-122.9985593,2023-07-27 03:48:07+00:00,,shopMall,,G.A.M Shoes & Repair,"{'level': '1', 'name': 'G.A.M Shoes & Repair', 'shop': 'shoes'}"
99,49.2256471,-122.9988829,2023-07-27 03:48:07+00:00,,shopMall,,Lucky Brand,"{'brand': 'Lucky Brand', 'brand:wikidata': 'Q6697865', 'brand:wikipedia': 'en:Lucky Brand Jeans', 'level': '1', 'name': 'Lucky Brand', 'shop': 'clothes', 'wheelchair': 'yes'}"
100,49.2259647,-122.999638,2023-07-27 03:48:07+00:00,,shopMall,,Aritzia,"{'addr:housenumber': '4700', 'addr:street': 'Kingsway', 'brand': 'Aritzia', 'brand:wikidata': 'Q4791147', 'brand:wikipedia': 'en:Aritzia', 'clothes': 'women', 'level': '1', 'name': 'Aritzia', 'opening_hours': 'Mo-Sa 10:00-21:00; Su 11:00-19:00', 'phone': '+1-604-430-4630', 'shop': 'clothes', 'website': 'https://www.aritzia.com/en/store?StoreID=aritzia-metrotown-burnaby', 'wheelchair': 'yes'}"
101,49.2269969,-123.0004,2023-07-27 03:48:07+00:00,,shopMall,,Weekend Max Mara,"{'addr:housenumber': '4700', 'addr:street': 'Kingsway', 'brand': 'Weekend Max Mara', 'brand:wikidata': 'Q1151774', 'brand:wikipedia': 'en:Max Mara', 'clothes': 'women', 'level': '1', 'name': 'Weekend Max Mara', 'opening_hours': 'Mo-Sa 10:00-21:00; Su 11:00-19:00', 'phone': '+1-604-257-2381', 'shop': 'clothes', 'website': 'https://world.weekendmaxmara.com/store/0201055'}"
102,49.2270974,-122.999641,2023-07-27 03:48:07+00:00,,shopMall,,Gap Kids,"{'brand': 'Gap', 'brand:wikidata': 'Q420822', 'brand:wikipedia': 'en:Gap Inc.', 'clothes': 'children', 'level': '1', 'name': 'Gap Kids', 'name:en': 'Gap Kids', 'shop': 'clothes'}"
103,49.2266166,-123.000933,2023-07-27 03:48:07+00:00,,shopMall,,Ecco,"{'addr:housenumber': '4700', 'addr:street': 'Kingsway', 'addr:unit': '2184', 'brand': 'Ecco', 'brand:wikidata': 'Q1280255', 'brand:wikipedia': 'en:ECCO', 'level': '1', 'name': 'Ecco', 'opening_hours': 'Mo-Sa 10:00-21:00; Su 11:00-19:00', 'phone': '+1-604-430-3221', 'shop': 'shoes'}"
104,49.2265815,-123.001201,2023-07-27 03:48:07+00:00,,shopMall,,La Vie en Rose,"{'addr:housenumber': '4800', 'addr:street': 'Kingsway', 'brand': 'La Vie en Rose', 'brand:wikidata': 'Q4950452', 'brand:wikipedia': 'en:Boutique La Vie en Rose', 'clothes': 'underwear;women', 'level': '1', 'name': 'La Vie en Rose', 'name:en': 'La Vie en Rose', 'opening_hours': 'Mo-Sa 10:00-21:00; Su 11:00-19:00', 'phone': '+1-604-438-5161', 'shop': 'clothes', 'website': 'https://www.lavieenrose.com/en/our-stores/0065-burnaby-metropolis-at-metrotown'}"
105,49.2265444,-123.001544,2023-07-27 03:48:07+00:00,,shopMall,,Tip Top,"{'addr:housenumber': '4800', 'addr:street': 'Kingsway', 'addr:unit': 'G41', 'clothes': 'men;suits', 'level': '1', 'name': 'Tip Top', 'opening_hours': 'Mo-Sa 10:00-21:00; Su 11:00-19:00', 'phone': '+1-604-432-1282', 'shop': 'clothes', 'website': 'https://www.tiptop.ca/'}"
106,49.2264841,-123.001889,2023-07-27 03:48:07+00:00,,shopMall,,American Eagle Outfitters,"{'addr:housenumber': '4700', 'addr:street': 'Kingsway', 'addr:unit': '2205', 'brand': 'American Eagle Outfitters', 'brand:wikidata': 'Q2842931', 'brand:wikipedia': 'en:American Eagle Outfitters', 'clothes': 'men;women', 'level': '1', 'name': 'American Eagle Outfitters', 'opening_hours': 'Tu-Sa 10:00-21:00; Su-Mo 11:00-19:00', 'phone': '+1-604-430-0282', 'shop': 'clothes', 'short_name': 'American Eagle', 'website': 'https://storelocations.ae.com/ca/bc/burnaby/2205-4700-kingsway.html', 'wheelchair': 'yes'}"
107,49.2265252,-123.000624,2023-07-27 03:48:07+00:00,,shopMall,,Call It Spring,"{'addr:housenumber': '4820', 'addr:street': 'Kingsway', 'addr:unit': '266', 'brand': 'Call It Spring', 'brand:wikidata': 'Q7580363', 'brand:wikipedia': 'en:Call It Spring', 'level': '1', 'name': 'Call It Spring', 'opening_hours': 'Mo-Sa 10:00-21:00; Su 11:00-19:00', 'phone': '+1-778-329-0877', 'shop': 'shoes', 'website': 'https://www.callitspring.com/ca/en/store-locator/store/3135?overlay=crm&store-id=false'}"
108,49.2261685,-123.000102,2023-07-27 03:48:07+00:00,,shopMall,,Dynamite,"{'brand': 'Dynamite', 'brand:wikidata': 'Q3117385', 'brand:wikipedia': 'en:Groupe Dynamite', 'clothes': 'women', 'level': '1', 'name': 'Dynamite', 'shop': 'clothes', 'wheelchair': 'yes'}"
109,49.2268701,-123.000994,2023-07-27 03:48:07+00:00,,shopMall,,Indochino,"{'addr:housenumber': '4700', 'addr:street': 'Kingsway', 'brand': 'Indochino', 'brand:wikidata': 'Q64448127', 'brand:wikipedia': 'en:Indochino', 'clothes': 'suits', 'level': '1', 'name': 'Indochino', 'opening_hours': 'Mo-Sa 10:00-21:00; Su 11:00-19:00', 'phone': '+1-604-436-1355', 'shop': 'clothes', 'website': 'https://www.indochino.com/showroom/burnaby-metrotown'}"
110,49.2270892,-123.000853,2023-07-27 03:48:07+00:00,,shopMall,,Hollywood,"{'level': '1', 'name': 'Hollywood', 'shop': 'clothes'}"
111,49.2272709,-123.000892,2023-07-27 03:48:07+00:00,,shopMall,,West 49,"{'brand': 'West 49', 'brand:wikidata': 'Q7984218', 'brand:wikipedia': 'en:West 49', 'fixme': 'Confirm this is still here', 'level': '1', 'name': 'West 49', 'shop': 'clothes'}"
112,49.226315,-122.998626,2023-07-27 03:48:07+00:00,,shopMall,,Riviera,"{'addr:housenumber': '4800', 'addr:street': 'Kingsway', 'addr:unit': '308', 'clothes': 'women', 'name': 'Riviera', 'phone': '+1-604-436-1159', 'shop': 'clothes', 'website': 'http://rivieraladiesfashion.ca/'}"
113,49.2255413,-122.999049,2023-07-27 03:48:07+00:00,,shopMall,,Bellissima,"{'addr:housenumber': '4800', 'addr:street': 'Kingsway', 'level': '1', 'name': 'Bellissima', 'opening_hours': 'Mo-Sa 10:00-21:00; Su 11:00-19:00; PH 11:00-19:00', 'phone': '+1-604-439-1336', 'shop': 'clothes', 'website': 'https://www.serena-west.com/', 'wheelchair': 'yes'}"
114,49.2272065,-122.9986285,2023-07-27 03:48:07+00:00,,shopMall,,Armani Exchange,"{'brand': 'Armani Exchange', 'brand:wikidata': 'Q56045740', 'clothes': 'men;women', 'level': '1', 'name': 'Armani Exchange', 'name:en': 'AX Armani Exchange', 'operator:wikidata': 'Q2861975', 'operator:wikipedia': 'en:Armani', 'shop': 'clothes'}"
115,49.2265775,-123.000316,2023-07-27 03:48:07+00:00,,shopMall,,Geox,"{'addr:unit': '2160', 'brand': 'Geox', 'brand:wikidata': 'Q588001', 'brand:wikipedia': 'en:Geox', 'level': '1', 'name': 'Geox', 'name:en': 'Geox', 'opening_hours': 'Mo-Sa 10:00-21:00; Su 11:00-19:00', 'phone': '+1-604-451-4369', 'shop': 'shoes', 'website': 'https://www.geox.com/en-CA/storedetails?StoreID=389016'}"
116,49.2270371,-122.9999358,2023-07-27 03:48:07+00:00,,shopMall,,Gap,"{'brand': 'Gap', 'brand:wikidata': 'Q420822', 'brand:wikipedia': 'en:Gap Inc.', 'level': '1', 'name': 'Gap', 'name:en': 'Gap', 'shop': 'clothes'}"
117,49.2264146,-123.000598,2023-07-27 03:48:07+00:00,,shopMall,,Justice,"{'brand': 'Justice', 'brand:wikidata': 'Q7857512', 'brand:wikipedia': 'en:Justice (store)', 'level': '1', 'name': 'Justice', 'name:en': 'Justice', 'shop': 'clothes'}"
118,49.2264814,-123.000106,2023-07-27 03:48:07+00:00,,shopMall,,Aldo,"{'addr:housenumber': '4700', 'addr:street': 'Kingsway', 'addr:unit': '2315A', 'brand': 'Aldo', 'brand:wikidata': 'Q2832297', 'brand:wikipedia': 'en:Aldo Group', 'level': '1', 'name': 'Aldo', 'opening_hours': 'Tu-Sa 10:00-21:00; Su-Mo 11:00-19:00', 'phone': '+1-604-430-6364', 'shop': 'shoes', 'website': 'https://www.aldoshoes.com/ca/en/store-locator/store/1106'}"
119,49.2507962,-122.8951436,2023-07-27 03:48:07+00:00,,shopMall,,Tan Jay,"{'name': 'Tan Jay', 'name:en': 'Tan Jay', 'shop': 'clothes'}"
120,49.2510227,-122.895951,2023-07-27 03:48:07+00:00,,shopMall,,Reitmans,"{'brand': 'Reitmans', 'brand:wikidata': 'Q7310506', 'brand:wikipedia': 'en:Reitmans', 'name': 'Reitmans', 'name:en': 'Reitmans', 'shop': 'clothes'}"
121,49.2510235,-122.8954162,2023-07-27 03:48:07+00:00,,shopMall,,Suzy Shier,"{'check_date': '2023-02-25', 'name': 'Suzy Shier', 'name:en': 'Suzy', 'shop': 'clothes'}"
122,49.2512868,-122.8961466,2023-07-27 03:48:07+00:00,,shopMall,,Angela,"{'check_date': '2023-02-28', 'name': 'Angela', 'name:en': 'Angela', 'shop': 'clothes'}"
123,49.2507952,-122.8964,2023-07-27 03:48:07+00:00,,shopMall,,Carter's,"{'brand': ""Carter's"", 'brand:wikidata': 'Q5047083', 'brand:wikipedia': ""en:Carter's"", 'clothes': 'children', 'name': ""Carter's"", 'name:en': ""Carter's / Oshkosh"", 'shop': 'clothes'}"
124,49.2506282,-122.8951328,2023-07-27 03:48:07+00:00,,shopMall,,Urban Planet,"{'brand': 'Urban Planet', 'name': 'Urban Planet', 'name:en': 'Urban Planet', 'shop': 'clothes'}"
125,49.2507497,-122.8952729,2023-07-27 03:48:07+00:00,,shopMall,,Vice,"{'name': 'Vice', 'name:en': 'Vice', 'shop': 'clothes'}"
126,49.2510818,-122.895949,2023-07-27 03:48:07+00:00,,shopMall,,Foot Locker,"{'brand': 'Foot Locker', 'brand:wikidata': 'Q63335', 'brand:wikipedia': 'en:Foot Locker', 'name': 'Foot Locker', 'name:en': 'Foot Locker', 'shop': 'shoes'}"
127,49.250918,-122.895948,2023-07-27 03:48:07+00:00,,shopMall,,Northern Reflections,"{'brand': 'Northern Reflections', 'brand:wikidata': 'Q65947797', 'name': 'Northern Reflections', 'name:en': 'Northern Reflections', 'shop': 'clothes'}"
128,49.2508691,-122.8959482,2023-07-27 03:48:07+00:00,,shopMall,,Luxurie,"{'name': 'Luxurie', 'name:en': 'Luxurie', 'shop': 'clothes'}"
129,49.2508094,-122.895012,2023-07-27 03:48:07+00:00,,shopMall,,H&M,"{'brand': 'H&M', 'brand:wikidata': 'Q188326', 'brand:wikipedia': 'en:H&M', 'name': 'H&M', 'name:en': 'H&M', 'shop': 'clothes'}"
130,49.2506293,-122.89526,2023-07-27 03:48:07+00:00,,shopMall,,Bootlegger,"{'brand': 'Bootlegger', 'brand:wikidata': 'Q65947984', 'clothes': 'women', 'name': 'Bootlegger', 'name:en': 'BootLegger', 'shop': 'clothes'}"
131,49.2507011,-122.895268,2023-07-27 03:48:07+00:00,,shopMall,,COBS Bread,"{'brand': 'COBS Bread', 'brand:wikidata': 'Q4849261', 'brand:wikipedia': 'en:Bakers Delight', 'name': 'COBS Bread', 'name:en': 'Cobs Bread', 'shop': 'bakery'}"
132,49.2508805,-122.8952765,2023-07-27 03:48:07+00:00,,shopMall,,Sheena's Fashions,"{'name': ""Sheena's Fashions"", 'name:en': ""Sheena's Fashions"", 'shop': 'clothes'}"
133,49.2511321,-122.895141,2023-07-27 03:48:07+00:00,,shopMall,,Kin's Farm Market,"{'check_date': '2023-02-28', 'name': ""Kin's Farm Market"", 'name:en': ""Kin's Farm Market"", 'shop': 'greengrocer'}"
134,49.2508084,-122.8954165,2023-07-27 03:48:07+00:00,,shopMall,,Zuri,"{'name': 'Zuri', 'name:en': 'Zuri', 'shop': 'clothes'}"
135,49.2511564,-122.896407,2023-07-27 03:48:07+00:00,,shopMall,,The Children's Place,"{'alt_name': ""Children's Place"", 'brand': ""The Children's Place"", 'brand:wikidata': 'Q3520257', 'brand:wikipedia': ""en:The Children's Place"", 'name': ""The Children's Place"", 'name:en': ""The Children's Place"", 'shop': 'clothes'}"
136,49.2511003,-122.8961467,2023-07-27 03:48:07+00:00,,shopMall,,Cruze-Ing,"{'name': 'Cruze-Ing', 'name:en': 'Cruze-Ing', 'shop': 'clothes'}"
137,49.2510463,-122.8961458,2023-07-27 03:48:07+00:00,,shopMall,,Epic Menswear,"{'check_date': '2023-02-25', 'name': 'Epic Menswear', 'name:en': 'Epic Menswear', 'shop': 'clothes'}"
138,49.2508444,-122.895144,2023-07-27 03:48:07+00:00,,shopMall,,Soft Moc,"{'brand': 'Soft Moc', 'brand:wikidata': 'Q65012391', 'name': 'Soft Moc', 'name:en': 'Soft Moc', 'shop': 'shoes'}"
139,49.2508669,-122.896403,2023-07-27 03:48:07+00:00,,shopMall,,Lids,"{'brand': 'Lids', 'brand:wikidata': 'Q19841609', 'brand:wikipedia': 'en:Lids (store)', 'clothes': 'hats', 'name': 'Lids', 'name:en': 'Lids', 'shop': 'clothes'}"
140,49.2509261,-122.8954172,2023-07-27 03:48:07+00:00,,shopMall,,Alice + Ellis,"{'name': 'Alice + Ellis', 'name:en': 'Alice + Ellis', 'shop': 'clothes'}"
141,49.2254996,-122.998933,2023-07-27 03:48:07+00:00,,shopMall,,Tip.Top,"{'addr:housenumber': '4700', 'addr:street': 'Kingsway', 'addr:unit': '1207', 'level': '-1', 'name': 'Tip.Top', 'shop': 'clothes', 'wheelchair': 'yes'}"
142,49.2251477,-122.9992956,2023-07-27 03:48:07+00:00,,shopMall,,Maxim’s Bakery,"{'indoor_seating': 'no', 'level': '-1', 'name': 'Maxim’s Bakery', 'opening_hours': 'Mo-Sa 09:00-19:00', 'outdoor_seating': 'no', 'shop': 'bakery', 'takeaway': 'only'}"
143,49.2256252,-122.999313,2023-07-27 03:48:07+00:00,,shopMall,,Payless ShoeSource,"{'brand': 'Payless ShoeSource', 'brand:wikidata': 'Q7156755', 'brand:wikipedia': 'en:Payless (footwear retailer)', 'fixme': 'closed', 'level': '-1', 'name': 'Payless ShoeSource', 'shop': 'shoes'}"
144,49.2260303,-122.9989222,2023-07-27 03:48:07+00:00,,shopMall,,Collector's Den,"{'level': '-1', 'name': ""Collector's Den"", 'name:en': ""Collector's Den"", 'shop': 'clothes'}"
145,49.225554,-122.998875,2023-07-27 03:48:07+00:00,,shopMall,,Le Château,"{'branch': 'Menswear', 'brand': 'Le Château', 'brand:wikidata': 'Q6506731', 'brand:wikipedia': 'en:Le Château', 'level': '-1', 'name': 'Le Château', 'shop': 'clothes'}"
146,49.229251,-123.004115,2023-07-27 03:48:07+00:00,,shopMall,,Pop Art,"{'addr:housenumber': '4500', 'addr:street': 'Kingsway', 'addr:unit': '1820', 'name': 'Pop Art', 'name:en': 'Pop Art', 'shop': 'clothes'}"
147,49.2293413,-123.005233,2023-07-27 03:48:07+00:00,,shopMall,,Krystal Houseware,"{'addr:housenumber': '4500', 'addr:street': 'Kingsway', 'addr:unit': '1235', 'name': 'Krystal Houseware', 'name:en': 'Krystal Houseware', 'shop': 'clothes'}"
148,49.229013,-123.004238,2023-07-27 03:48:07+00:00,,shopMall,,Muse,"{'addr:housenumber': '4500', 'addr:street': 'Kingsway', 'addr:unit': '1816', 'name': 'Muse', 'name:en': 'Muse', 'shop': 'clothes'}"
149,49.2294844,-123.004178,2023-07-27 03:48:07+00:00,,shopMall,,Bz,"{'addr:housenumber': '4500', 'addr:street': 'Kingsway', 'addr:unit': '1633', 'name': 'Bz', 'name:en': 'Bz', 'shop': 'clothes'}"
150,49.2290651,-123.004194,2023-07-27 03:48:07+00:00,,shopMall,,109 Shibuya,"{'addr:housenumber': '4500', 'addr:street': 'Kingsway', 'addr:unit': '1817', 'name': '109 Shibuya', 'name:en': '109 Shibuya', 'shop': 'clothes'}"
151,49.2293588,-123.004034,2023-07-27 03:48:07+00:00,,shopMall,,Little Dress,"{'addr:housenumber': '4500', 'addr:street': 'Kingsway', 'addr:unit': '1629', 'name': 'Little Dress', 'name:en': 'Little Dress', 'shop': 'clothes'}"
152,49.2291867,-123.004014,2023-07-27 03:48:07+00:00,,shopMall,,Greenfine,"{'addr:housenumber': '4500', 'addr:street': 'Kingsway', 'addr:unit': '1626 A', 'name': 'Greenfine', 'name:en': 'Greenfine', 'shop': 'clothes'}"
153,49.2285038,-123.0048988,2023-07-27 03:48:07+00:00,,shopMall,,Gibo Health,"{'name': 'Gibo Health', 'name:en': 'Gibo Health', 'shop': 'convenience'}"
154,49.228748,-123.0047976,2023-07-27 03:48:07+00:00,,shopMall,,Kingwuu,"{'name': 'Kingwuu', 'name:en': 'Kingwuu', 'shop': 'convenience'}"
155,49.2286791,-123.0048805,2023-07-27 03:48:07+00:00,,shopMall,,TF,"{'name': 'TF', 'name:en': 'TF', 'shop': 'convenience'}"
156,49.2294259,-123.005151,2023-07-27 03:48:07+00:00,,shopMall,,Hong Kong,"{'addr:housenumber': '4500', 'addr:street': 'Kingsway', 'addr:unit': '2318', 'name': 'Hong Kong', 'name:en': 'Hong Kong', 'shop': 'clothes'}"
157,49.228787,-123.00414,2023-07-27 03:48:07+00:00,,shopMall,,Pedorthic Clinic,"{'addr:housenumber': '4500', 'addr:street': 'Kingsway', 'addr:unit': '2812', 'name': 'Pedorthic Clinic', 'name:en': 'Pedorthic Clinic', 'shop': 'shoes'}"
158,49.2289484,-123.004046,2023-07-27 03:48:07+00:00,,shopMall,,Season Fashion,"{'addr:housenumber': '4500', 'addr:street': 'Kingsway', 'addr:unit': '2611', 'name': 'Season Fashion', 'name:en': 'Season Fashion', 'shop': 'clothes'}"
159,49.2273596,-122.995386,2023-07-27 03:48:07+00:00,,shopMall,,Moores,"{'addr:city': 'Burnaby', 'addr:housenumber': '4837', 'addr:street': 'Kingsway', 'brand': 'Moores', 'brand:wikidata': 'Q6908309', 'brand:wikipedia': 'en:Moores', 'clothes': 'men', 'name': 'Moores', 'name:en': 'Moores', 'opening_hours': 'Mo-Fr 11:00-19:00; Sa 10:00-18:00; Su 11:00-18:00', 'phone': '+1-604-437-5100', 'shop': 'clothes', 'website': 'https://stores.mooresclothing.com/bc/burnaby/4837-kingsway.html'}"
160,49.1979201,-122.9781649,2023-07-27 03:48:07+00:00,,shopMall,,Kins Farm Market,"{'name': 'Kins Farm Market', 'organic': 'yes', 'shop': 'greengrocer'}"
161,49.1980402,-122.9786332,2023-07-27 03:48:07+00:00,,shopMall,,COBS Bread,"{'addr:housenumber': '160-7515', 'addr:street': 'Market Crossing', 'brand': 'COBS Bread', 'brand:wikidata': 'Q4849261', 'brand:wikipedia': 'en:Bakers Delight', 'name': 'COBS Bread', 'shop': 'bakery'}"
162,49.1987982,-122.975236,2023-07-27 03:48:07+00:00,,shopMall,,Sungiven Foods,"{'addr:city': 'Burnaby', 'addr:housenumber': '5771', 'addr:province': 'BC', 'addr:street': 'Marine Way', 'addr:unit': '600', 'name': 'Sungiven Foods', 'opening_hours': 'Mo-Su 09:00-21:00', 'payment:credit_cards': 'yes', 'payment:debit_cards': 'yes', 'shop': 'supermarket', 'website': 'https://www.sungivenfoods.ca/'}"
163,49.225721,-122.9975805,2023-07-27 03:48:07+00:00,,shopMall,,Muji,"{'addr:housenumber': '4700', 'addr:street': 'Kingsway', 'brand': 'Muji', 'brand:en': 'Muji', 'brand:ja': '無印良品', 'brand:wikidata': 'Q708789', 'brand:wikipedia': 'en:Muji', 'check_date': '2023-06-25', 'level': '0', 'name': 'Muji', 'name:en': 'Muji', 'name:ja': '無印良品', 'opening_hours': 'Mo-Sa 10:00-21:00; Su 10:00-19:00', 'phone': '+1-604-638-8180', 'shop': 'department_store', 'website': 'https://www.muji.com/ca/'}"
164,49.2268835,-123.000888,2023-07-27 03:48:07+00:00,,shopMall,,TNA,"{'addr:housenumber': '4700', 'addr:street': 'Kingsway', 'clothes': 'women', 'level': '1', 'name': 'TNA', 'opening_hours': 'Mo-Sa 10:00-21:00; Su 11:00-19:00', 'phone': '+1-604-435-7975', 'shop': 'clothes', 'website': 'https://www.aritzia.com/en/store?StoreID=tna-metropolis-burnaby'}"
165,49.226302,-122.9997371,2023-07-27 03:48:07+00:00,,shopMall,,Indochino,"{'brand': 'Indochino', 'brand:wikidata': 'Q64448127', 'brand:wikipedia': 'en:Indochino', 'clothes': 'suits', 'level': '1', 'name': 'Indochino', 'shop': 'clothes', 'wheelchair': 'yes'}"
166,49.2261073,-122.999075,2023-07-27 03:48:07+00:00,,shopMall,,Lululemon,"{'addr:housenumber': '4800', 'addr:street': 'Kingsway', 'brand': 'Lululemon', 'brand:wikidata': 'Q6702957', 'brand:wikipedia': 'en:Lululemon Athletica', 'clothes': 'men;women', 'level': '1', 'name': 'Lululemon', 'official_name': 'Lululemon Athletica', 'opening_hours': 'Mo-Sa 10:00-21:00; Su 11:00-19:00', 'phone': '+1-604-373-5780', 'shop': 'clothes', 'website': 'https://shop.lululemon.com/stores/ca/burnaby/metrotown', 'wheelchair': 'yes'}"
167,49.2795476,-122.9688241,2023-07-27 03:48:07+00:00,,shopMall,,Parkgate Farm Market,"{'addr:housenumber': '6530', 'addr:street': 'Hastings Street', 'name': 'Parkgate Farm Market', 'opening_hours': 'Tu-Su 08:30-18:30; Mo 08:00-18:30', 'shop': 'supermarket'}"
168,49.2146885,-122.9881051,2023-07-27 03:48:07+00:00,,shopMall,,7-Eleven,"{'brand': '7-Eleven', 'brand:wikidata': 'Q259340', 'brand:wikipedia': 'en:7-Eleven', 'name': '7-Eleven', 'shop': 'convenience'}"
169,49.1992523,-122.975769,2023-07-27 03:48:07+00:00,,shopMall,,Winners,"{'addr:housenumber': '5771', 'addr:street': 'Marine Way', 'brand': 'Winners', 'brand:wikidata': 'Q845257', 'brand:wikipedia': 'en:Winners', 'name': 'Winners', 'opening_hours': 'Mo-Sa 09:00-21:00; Su 10:00-19:00', 'shop': 'clothes'}"
170,49.2188627,-122.977822,2023-07-27 03:48:07+00:00,,shopMall,,Zorba's Bakery & Foods,"{'addr:city': 'Burnaby', 'addr:housenumber': '7173', 'addr:street': 'Buller Avenue', 'email': 'info@zorbasfoods.ca', 'indoor_seating': 'no', 'name': ""Zorba's Bakery & Foods"", 'opening_hours': 'Mo-Fr 6:00-5:00', 'outdoor_seating': 'no', 'phone': '+1-604-439-7731', 'shop': 'bakery', 'takeaway': 'only', 'website': 'https://zorbasfoods.com/', 'wheelchair': 'yes'}"
171,49.2811805,-122.996583,2023-07-27 03:48:07+00:00,,shopMall,,Chez Christophe,"{'addr:city': 'Burnaby', 'addr:housenumber': '4717', 'addr:street': 'Hastings Street', 'name': 'Chez Christophe', 'opening_hours': 'Tu-Sa 09:00-17:00', 'phone': '+1-604-428-4200', 'shop': 'bakery', 'website': 'https://chez-christophe.ca/'}"
172,49.2809212,-123.015014,2023-07-27 03:48:07+00:00,,shopMall,,The Valley Bakery,"{'addr:city': 'Burnaby', 'addr:housenumber': '4058', 'addr:street': 'Hastings Street', 'email': 'valleybakery@shaw.ca', 'name': 'The Valley Bakery', 'opening_hours': 'Mo-Th 09:00-18:00; Fr 09:00-19:00; Sa 09:00-18:00; PH ""off""', 'phone': '+1-604-291-0674', 'shop': 'bakery', 'website': 'https://valleybakery.com/'}"
173,49.2809076,-123.0118516,2023-07-27 03:48:07+00:00,,shopMall,,Red Apple Market,"{'addr:city': 'Burnaby', 'addr:housenumber': '4170', 'addr:street': 'Hastings Street', 'name': 'Red Apple Market', 'shop': 'supermarket'}"
174,49.2248627,-122.999841,2023-07-27 03:48:07+00:00,,shopMall,,Walmart,"{'addr:housenumber': '4545', 'addr:street': 'Central Boulevard', 'branch': 'Burnaby Metrotown', 'brand': 'Walmart', 'brand:wikidata': 'Q483551', 'brand:wikipedia': 'en:Walmart', 'check_date:opening_hours': '2023-05-02', 'level': '0;1', 'name': 'Walmart', 'opening_hours': '07:00-23:00', 'phone': '+1-778-328-1120', 'ref': '1213', 'shop': 'department_store', 'website': 'https://www.walmart.ca/en/stores-near-me/burnaby-metrotown-walmart-supercentre-1213'}"
175,49.2249651,-122.999297,2023-07-27 03:48:07+00:00,,shopMall,,Circle K,"{'brand': 'Circle K', 'brand:wikidata': 'Q3268010', 'brand:wikipedia': 'en:Circle K', 'level': '-1', 'name': 'Circle K', 'shop': 'convenience'}"
176,49.2257445,-122.999408,2023-07-27 03:48:07+00:00,,shopMall,,Uniqlo,"{'addr:housenumber': '4700', 'addr:street': 'Kingsway', 'brand': 'Uniqlo', 'brand:wikidata': 'Q26070', 'brand:wikipedia': 'en:Uniqlo', 'level': '-1;0', 'name': 'Uniqlo', 'opening_hours': 'Mo-Sa 10:00-21:00; Su 11:00-19:00', 'phone': '+1-778-851-2122', 'shop': 'clothes', 'website': 'https://map.uniqlo.com/ca/en/detail/11899001', 'wheelchair': 'yes'}"
177,49.225208,-122.9992422,2023-07-27 03:48:07+00:00,,shopMall,,Zuri,"{'level': '-1', 'name': 'Zuri', 'shop': 'clothes'}"
178,49.2256204,-122.998502,2023-07-27 03:48:07+00:00,,shopMall,,Lids,"{'addr:housenumber': '4820', 'addr:street': 'Kingsway', 'addr:unit': 'F103', 'brand': 'Lids', 'brand:wikidata': 'Q19841609', 'clothes': 'hats', 'description': 'They sell caps to wear on your head. Many of the caps have the logos of sports teams on them.', 'level': '1', 'name': 'Lids', 'opening_hours': 'Mo-Fr 10:00-21:00; Sa 09:30-21:00; Su 11:00-18:00', 'phone': '+1-604-430-1003', 'shop': 'clothes', 'website': 'https://www.lids.ca/en/store/lids-metropolis-at-metrotown/sd-27859152+z-9815311-1039479389', 'wheelchair': 'yes'}"
179,49.2257524,-122.998539,2023-07-27 03:48:07+00:00,,shopMall,,Forever 21,"{'addr:housenumber': '4700', 'addr:street': 'Kingsway', 'brand': 'Forever 21', 'brand:wikidata': 'Q1060537', 'level': '1', 'name': 'Forever 21', 'opening_hours': 'Mo-Sa 10:00-21:00; Su 11:00-19:00', 'shop': 'clothes', 'website': 'https://www.forever21.ca/', 'wheelchair': 'yes'}"
180,49.2239442,-122.9829999,2023-07-27 03:48:07+00:00,,shopMall,,Assi Market,"{'addr:city': 'Burnaby', 'addr:housenumber': '5593', 'addr:street': 'Kingsway', 'name': 'Assi Market', 'shop': 'supermarket'}"
181,49.1980118,-122.9784277,2023-07-27 03:48:07+00:00,,shopMall,,fish,"{'check_date': '2023-02-20', 'name': 'fish', 'shop': 'seafood', 'website': 'https://www.eatfish.ca'}"
182,49.2193859,-122.9501231,2023-07-27 03:48:07+00:00,,shopMall,,Grand Food Mart,"{'addr:housenumber': '7351', 'addr:street': 'Edmonds Street', 'cuisine': 'filipino;oriental', 'name': 'Grand Food Mart', 'operator': 'Arc Commodities Ltd', 'shop': 'supermarket'}"
183,49.2276916,-123.000215,2023-07-27 03:48:07+00:00,,shopMall,,Oomono Japan Living,"{'addr:city': 'Burnaby', 'addr:housenumber': '4700', 'addr:province': 'BC', 'addr:street': 'Kingsway', 'name': 'Oomono Japan Living', 'opening_hours': 'Mo-Sa 10:00-21:99; Su 11:00-19:00; PH 11:00-19:00', 'phone': '+1-604-423-4768', 'shop': 'convenience', 'website': 'https://www.oomomostore.com/'}"
184,49.2591108,-122.955223,2023-07-27 03:48:07+00:00,,shopMall,,Bainbridge Mart,"{'addr:housenumber': '2844', 'addr:street': 'Bainbridge Avenue', 'name': 'Bainbridge Mart', 'phone': '+1-604-420-1707', 'shop': 'convenience', 'source:position': 'https://openstreetcam.org/details/165223/3043/track-info'}"
185,49.2295863,-122.964472,2023-07-27 03:48:07+00:00,,shopMall,,Deer Lake Market,"{'addr:housenumber': '5962', 'addr:street': 'Sperling Avenue', 'email': 'contact@dlmarket.ca', 'name': 'Deer Lake Market', 'opening_hours': 'Mo-Su 09:00-18:00', 'phone': '+1-604-525-8044', 'shop': 'convenience', 'source:position': 'https://openstreetcam.org/details/1306859/30/track-info', 'website': 'https://dlmarket.ca/'}"
186,49.2808949,-123.013843,2023-07-27 03:48:07+00:00,,shopMall,,Sungiven Foods,"{'addr:city': 'Burnaby', 'addr:housenumber': '4106', 'addr:province': 'BC', 'addr:street': 'Hastings Street', 'cuisine': 'chinese', 'name': 'Sungiven Foods', 'opening_hours': 'Mo-Su 09:00-21:00', 'shop': 'supermarket', 'website': 'https://sungivenfoods.ca/'}"
187,49.2813138,-123.002299,2023-07-27 03:48:07+00:00,,shopMall,,On the Run,"{'brand': 'On the Run', 'brand:wikidata': 'Q16931259', 'name': 'On the Run', 'shop': 'convenience'}"
188,49.2194147,-122.94925,2023-07-27 03:48:07+00:00,,shopMall,,Buy-Low Foods,"{'addr:city': 'Burnaby', 'addr:housenumber': '7380', 'addr:province': 'BC', 'addr:street': 'Edmonds Street', 'name': 'Buy-Low Foods', 'shop': 'supermarket'}"
189,49.2537399,-122.9185504,2023-07-27 03:48:07+00:00,,shopMall,,Circle K,"{'brand': 'Circle K', 'brand:wikidata': 'Q3268010', 'brand:wikipedia': 'en:Circle K', 'name': 'Circle K', 'shop': 'convenience'}"
190,49.2560494,-122.9176811,2023-07-27 03:48:07+00:00,,shopMall,,Hazmasters,"{'addr:housenumber': '3103', 'clothes': 'workwear', 'name': 'Hazmasters', 'shop': 'clothes', 'website': 'https://www.hazmasters.com/'}"
191,49.2537422,-122.9897147,2023-07-27 03:48:07+00:00,,shopMall,,Canada Way Food Market,"{'name': 'Canada Way Food Market', 'shop': 'convenience'}"
192,49.2478641,-122.939246,2023-07-27 03:48:07+00:00,,shopMall,,Tropical Link Canada,"{'addr:housenumber': '7668', 'addr:street': 'Winston Street', 'email': 'info@tropicallinkcanada.ca', 'fax': '+1-778-379-3511', 'name': 'Tropical Link Canada', 'phone': '+1-778-379-3510', 'shop': 'health_food', 'website': 'https://tropicallinkcanada.ca/'}"
193,49.2053018,-122.9784413,2023-07-27 03:48:07+00:00,,shopMall,,Marine Food Market,"{'addr:housenumber': '5886', 'addr:street': 'Marine Drive', 'name': 'Marine Food Market', 'shop': 'convenience'}"
194,49.2051358,-122.978167,2023-07-27 03:48:07+00:00,,shopMall,,Fox Fuel,"{'addr:housenumber': '5894', 'addr:street': 'Marine Drive', 'name': 'Fox Fuel', 'shop': 'convenience'}"
195,49.2000085,-122.9817751,2023-07-27 03:48:07+00:00,,shopMall,,George Richards,"{'addr:housenumber': '7230', 'addr:street': 'Market Crossing', 'name': 'George Richards', 'opening_hours': 'Mo-Sa 10:00-18:00; Su 11:00-17:00', 'shop': 'clothes', 'website': 'https://www.georgerichards.ca'}"
196,49.2679885,-123.00128,2023-07-27 03:48:07+00:00,,shopMall,,Nike,"{'addr:city': 'Burnaby', 'addr:housenumber': '4567', 'addr:province': 'BC', 'addr:street': 'Lougheed Highway', 'brand': 'Nike', 'brand:wikidata': 'Q483915', 'brand:wikipedia': 'en:Nike, Inc.', 'name': 'Nike', 'shop': 'clothes'}"
197,49.2198456,-122.9730849,2023-07-27 03:48:07+00:00,,shopMall,,King's Market,"{'addr:housenumber': '6218', 'addr:street': 'Kingsway', 'email': 'healthsoyfoods@hotmail.com', 'name': ""King's Market"", 'phone': '+1-604-428-8886', 'shop': 'supermarket', 'website': 'https://www.healthysoyfoods.net/grocery-store'}"
198,49.2059858,-122.9828343,2023-07-27 03:48:07+00:00,,shopMall,,Hop On Farms,"{'addr:housenumber': '5624', 'addr:street': 'Marine Drive', 'name': 'Hop On Farms', 'opening_hours': 'Mo-Su 09:30-18:00', 'phone': '+1-604-433-9850', 'shop': 'greengrocer', 'website': 'https://hoponfarms.com/'}"
199,49.2794789,-122.967793,2023-07-27 03:48:07+00:00,,shopMall,,COBS Bread,"{'addr:housenumber': '6558', 'addr:street': 'Hastings Street', 'addr:unit': '141', 'brand': 'COBS Bread', 'brand:wikidata': 'Q4849261', 'brand:wikipedia': 'en:Bakers Delight', 'name': 'COBS Bread', 'opening_hours': 'Mo-Fr 06:00-20:30; Sa-Su 06:00-19:30', 'phone': '+1-604-205-6937', 'shop': 'bakery', 'website': 'https://www.cobsbread.com/local-bakery/kensington-square-burnaby/'}"
200,49.2204549,-122.988439,2023-07-27 03:48:07+00:00,,shopMall,,Maggie's Convenience Store,"{'addr:housenumber': '6968', 'addr:street': 'Royal Oak Avenue', 'addr:unit': '101', 'email': 'maggiegroceryuq@gmail.com', 'name': ""Maggie's Convenience Store"", 'opening_hours': 'Mo-Su 09:00-17:00', 'phone': '+1-604-564-9560', 'shop': 'convenience', 'website': 'https://maggiegrocery.com/', 'wheelchair': 'yes'}"
201,49.2809065,-123.0100998,2023-07-27 03:48:07+00:00,,shopMall,,Fortuna Bakery,"{'addr:city': 'Burnaby', 'addr:housenumber': '4240', 'addr:province': 'BC', 'addr:street': 'Hastings Street', 'email': 'sales@fortunabakery.com', 'name': 'Fortuna Bakery', 'opening_hours': 'Tu-Th 08:00-15:00; Fr-Su 08:00-16:00', 'phone': '+1-604-298-9610', 'shop': 'bakery', 'website': 'https://www.fortunabakery.com'}"
202,49.2246207,-122.941354,2023-07-27 03:48:07+00:00,,shopMall,,On the Run,"{'brand': 'On the Run', 'brand:wikidata': 'Q16931259', 'name': 'On the Run', 'shop': 'convenience'}"
203,49.2671643,-123.0007592,2023-07-27 03:48:07+00:00,,shopMall,,H&M,"{'brand': 'H&M', 'brand:wikidata': 'Q188326', 'brand:wikipedia': 'en:H&M', 'name': 'H&M', 'shop': 'clothes'}"
204,49.2326655,-123.0114143,2023-07-27 03:48:07+00:00,,shopMall,,Select,"{'addr:housenumber': '4177', 'addr:street': 'Kingsway', 'name': 'Select', 'name:en': 'Select', 'shop': 'convenience'}"
205,49.1931678,-122.9735634,2023-07-27 03:48:07+00:00,,shopMall,,Gia Foods,"{'addr:housenumber': '8288', 'addr:street': 'North Fraser Way', 'addr:unit': '104', 'email': 'info@giafoods.com', 'name': 'Gia Foods', 'phone': '+1-800-503-7423', 'shop': 'wholesale', 'website': 'https://giafoods.com/', 'wholesale': 'food'}"
206,49.2259902,-123.0055824,2023-07-27 03:48:07+00:00,,shopMall,,Mon Paris Patisserie,"{'addr:housenumber': '4396', 'addr:street': 'Beresford Street', 'email': 'info@monparis.ca', 'name': 'Mon Paris Patisserie', 'opening_hours': 'Tu-Su 09:00-17:00', 'phone': '+1-604 564 5665', 'shop': 'bakery', 'website': 'https://www.monparis.ca/'}"
207,49.2392922,-123.0195993,2023-07-27 03:48:07+00:00,,shopMall,,Munchies N More,"{'addr:housenumber': '5012', 'addr:street': 'Smith Avenue', 'name': 'Munchies N More', 'shop': 'convenience', 'survey:date': '2021-08-23'}"
208,49.2259742,-123.005554,2023-07-27 03:48:07+00:00,,shopMall,,S Mart,"{'addr:housenumber': '4398', 'name': 'S Mart', 'shop': 'convenience', 'survey:date': '2021-08-28'}"
209,49.2590226,-122.9567481,2023-07-27 03:48:07+00:00,,shopMall,,7-Eleven,"{'brand': '7-Eleven', 'brand:wikidata': 'Q259340', 'brand:wikipedia': 'en:7-Eleven', 'name': '7-Eleven', 'shop': 'convenience', 'website': 'https://7-eleven.ca/'}"
210,49.2477169,-122.931423,2023-07-27 03:48:07+00:00,,shopMall,,PBF Pita Bread Factory Factory Outlet,"{'addr:housenumber': '8000', 'addr:postcode': 'V5A 2H5', 'addr:street': 'Winston Street', 'name': 'PBF Pita Bread Factory Factory Outlet', 'opening_hours': 'Su-Fr 08:00-16:00', 'phone': '+1-604-528-6111', 'shop': 'bakery', 'website': 'https://bakestonebrothers.com/'}"
211,49.2754698,-123.014087,2023-07-27 03:48:07+00:00,,shopMall,,Sun King Dim Sum & Food Ltd.,"{'cuisine': 'chinese', 'name': 'Sun King Dim Sum & Food Ltd.', 'phone': '+1-604-298-1898', 'shop': 'frozen_food'}"
212,49.2513511,-122.9154993,2023-07-27 03:48:07+00:00,,shopMall,,Nomad Nutrition,"{'addr:unit': '101', 'name': 'Nomad Nutrition', 'shop': 'health_food', 'website': 'https://www.nomadnutrition.co/'}"
213,49.2513115,-122.9155793,2023-07-27 03:48:07+00:00,,shopMall,,Sunrise Pita Bread,"{'addr:unit': '102', 'name': 'Sunrise Pita Bread', 'phone': '+1-604-421-7482', 'shop': 'bakery', 'website': 'http://sunrisepita.ca/'}"
214,49.2643475,-123.011929,2023-07-27 03:48:07+00:00,,shopMall,,Express News & Smokes,"{'addr:housenumber': '4190', 'addr:street': 'Dawson Street', 'name': 'Express News & Smokes', 'shop': 'convenience'}"
215,49.2811612,-123.00721,2023-07-27 03:48:07+00:00,,shopMall,,Chickadee Boutique,"{'name': 'Chickadee Boutique', 'shop': 'clothes'}"
216,49.2674042,-123.0018048,2023-07-27 03:48:07+00:00,,shopMall,,Small Victory Bakery,"{'addr:city': 'Burnaby', 'addr:housenumber': '4580', 'addr:province': 'BC', 'addr:street': 'Brentwood Boulevard', 'addr:unit': '1214', 'name': 'Small Victory Bakery', 'shop': 'bakery'}"
217,49.2676831,-123.0008408,2023-07-27 03:48:07+00:00,,shopMall,,Urban Outfitters,"{'addr:city': 'Burnaby', 'addr:housenumber': '4567', 'addr:province': 'BC', 'addr:street': 'Lougheed Highway', 'brand': 'Urban Outfitters', 'brand:wikidata': 'Q3552193', 'brand:wikipedia': 'en:Urban Outfitters', 'name': 'Urban Outfitters', 'shop': 'clothes'}"
218,49.2687974,-123.0008197,2023-07-27 03:48:07+00:00,,shopMall,,Shoe Warehouse,"{'level': '2', 'name': 'Shoe Warehouse', 'phone': '+1-604-294-0090', 'shop': 'shoes', 'website': 'http://swhshoes.com/'}"
219,49.2195023,-122.9569006,2023-07-27 03:48:07+00:00,,shopMall,,Jumbo Super Market,"{'addr:housenumber': '7119', 'addr:street': 'Arcola Way', 'name': 'Jumbo Super Market', 'shop': 'supermarket'}"
220,49.2593287,-123.0165682,2023-07-27 03:48:07+00:00,,shopMall,,Refrigerative Supply,"{'addr:city': 'Burnaby', 'addr:housenumber': '3958', 'addr:street': 'Myrtle Street', 'name': 'Refrigerative Supply', 'shop': 'wholesale'}"
221,49.2562235,-122.997369,2023-07-27 03:48:07+00:00,,shopMall,,Trane Supply,"{'addr:housenumber': '3264', 'addr:street': 'Beta Avenue', 'name': 'Trane Supply', 'shop': 'wholesale'}"
222,49.2668259,-123.002673,2023-07-27 03:48:07+00:00,,shopMall,,Express News,"{'name': 'Express News', 'shop': 'convenience', 'survey_date': '2021-12-10'}"
223,49.2678316,-123.0021716,2023-07-27 03:48:07+00:00,,shopMall,,Wo.Men's Club,"{'addr:housenumber': '1920', 'addr:street': 'Willingdon Avenue', 'addr:unit': '01115', 'clothes': 'men', 'name': ""Wo.Men's Club"", 'operator': ""Men's Club Fashions (1986) Inc"", 'shop': 'clothes'}"
224,49.2690563,-123.0012158,2023-07-27 03:48:07+00:00,,shopMall,,Match,"{'addr:housenumber': '4567', 'addr:street': 'Lougheed Hwy', 'addr:unit': '215A', 'clothes': 'women', 'name': 'Match', 'operator': 'New Stone Age Holdings Bc Ltd', 'shop': 'clothes'}"
225,49.2684757,-123.0004795,2023-07-27 03:48:07+00:00,,shopMall,,Suzy Shier,"{'brand': 'Suzy Shier', 'brand:wikidata': 'Q65464976', 'clothes': 'women', 'name': 'Suzy Shier', 'shop': 'clothes'}"
226,49.2544607,-123.0210447,2023-07-27 03:48:07+00:00,,shopMall,,Raj Collection Boutique,"{'name': 'Raj Collection Boutique', 'phone': '+1-778-371-1000', 'shop': 'clothes', 'survey:date': '2022-04-29'}"
227,49.213475,-122.9382107,2023-07-27 03:48:07+00:00,,shopMall,,Villa Servin,"{'addr:housenumber': '7891', 'addr:street': 'Kingsway', 'description': 'Mexican goods', 'name': 'Villa Servin', 'opening_hours': 'Mo 12:00-20:00; Tu-Sa 10:00-20:00; Su 10:00-17:00', 'shop': 'convenience', 'website': 'https://www.villaservin.com/'}"
228,49.2806987,-122.9694297,2023-07-27 03:48:07+00:00,,shopMall,,Select,"{'name': 'Select', 'shop': 'convenience'}"
229,49.281284,-123.0170219,2023-07-27 03:48:07+00:00,,shopMall,,Forever Yours Lingerie,"{'addr:housenumber': '3961', 'addr:street': 'Hastings Street', 'addr:unit': '102', 'clothes': 'underwear', 'name': 'Forever Yours Lingerie', 'opening_hours': 'Mo-Sa 10:00-18:00; Su 10:00-17:00', 'phone': '+1-604-239-2590', 'shop': 'clothes', 'website': 'https://www.foreveryourslingerie.ca/'}"
230,49.281237,-123.0167046,2023-07-27 03:48:07+00:00,,shopMall,,Mi Tierra Latina,"{'addr:housenumber': '3993', 'addr:street': 'Hastings Street', 'email': 'info@mitierralatina.ca', 'name': 'Mi Tierra Latina', 'opening_hours': 'Mo-Su 09:00-21:00', 'phone': '+1-604-294-1816', 'shop': 'supermarket', 'website': 'https://mitierralatina.ca/'}"
231,49.2809346,-123.0156024,2023-07-27 03:48:07+00:00,,shopMall,,The Fisherman's Market,"{'addr:housenumber': '4020', 'addr:street': 'Hastings Street', 'name': ""The Fisherman's Market"", 'opening_hours': 'Mo-Sa 10:30-17:30', 'phone': '+1-604-568-0430', 'shop': 'seafood', 'website': 'https://thefishermansmarket.ca/locations/burnaby/'}"
232,49.2238185,-122.9417775,2023-07-27 03:48:07+00:00,,shopMall,,East Africa Grocery,"{'addr:housenumber': '7677', 'addr:street': 'Edmonds Street', 'name': 'East Africa Grocery', 'shop': 'general'}"
233,49.2234919,-122.942498,2023-07-27 03:48:07+00:00,,shopMall,,Mona's Shop,"{'description': 'African multicultural bizarre', 'name': ""Mona's Shop"", 'shop': 'general', 'wheelchair': 'yes'}"
234,49.2259684,-122.9366537,2023-07-27 03:48:07+00:00,,shopMall,,Keren African Market,"{'addr:housenumber': '7323', 'addr:street': '6th Street', 'name': 'Keren African Market', 'operator': 'Wediamerica African Market Ltd', 'shop': 'convenience'}"
235,49.2190178,-122.9507373,2023-07-27 03:48:07+00:00,,shopMall,,Meskerem Grocery,"{'addr:housenumber': '7335', 'addr:street': 'Edmonds Street', 'description': 'East African Products', 'name': 'Meskerem Grocery', 'shop': 'general'}"
236,49.2203452,-122.9482777,2023-07-27 03:48:07+00:00,,shopMall,,Mostafa Supermarket,"{'addr:housenumber': '7421', 'addr:street': 'Edmonds Street', 'name': 'Mostafa Supermarket', 'operator': 'Mostafa Supermarket Inc', 'shop': 'greengrocer'}"
237,49.2184627,-122.9496883,2023-07-27 03:48:07+00:00,,shopMall,,F45,"{'addr:housenumber': '7360', 'addr:street': 'Kingsway', 'name': 'F45', 'shop': 'clothes'}"
238,49.2219635,-122.9456754,2023-07-27 03:48:07+00:00,,shopMall,,Rustic Bread Bakery,"{'addr:housenumber': '7487', 'addr:street': 'Edmonds Street', 'addr:unit': 'J', 'name': 'Rustic Bread Bakery', 'operator': 'Urban Deli Inc', 'shop': 'bakery'}"
239,49.2219912,-122.9456201,2023-07-27 03:48:07+00:00,,shopMall,,Ezawa's African Market,"{'addr:housenumber': '7487', 'addr:street': 'Edmonds Street', 'addr:unit': 'K&L', 'name': ""Ezawa's African Market"", 'shop': 'general'}"
240,49.2288734,-123.0050406,2023-07-27 03:48:07+00:00,,shopMall,,Good Neighbour Supermarket,"{'addr:housenumber': '4500', 'addr:street': 'Kingsway', 'check_date': '2022-11-20', 'level': '0', 'name': 'Good Neighbour Supermarket', 'payment:cards': 'no', 'payment:cash': 'yes', 'payment:credit_cards': 'no', 'payment:debit_cards': 'no', 'shop': 'greengrocer', 'wheelchair': 'no'}"
241,49.2668643,-123.0073839,2023-07-27 03:48:07+00:00,,shopMall,,Winners,"{'brand': 'Winners', 'brand:wikidata': 'Q845257', 'name': 'Winners', 'shop': 'department_store'}"
242,49.2668751,-123.0081019,2023-07-27 03:48:07+00:00,,shopMall,,Save-On-Foods,"{'brand': 'Save-On-Foods', 'brand:wikidata': 'Q7427974', 'brand:wikipedia': 'en:Save-On-Foods', 'name': 'Save-On-Foods', 'shop': 'supermarket'}"
243,49.2187462,-122.962929,2023-07-27 03:48:07+00:00,,shopMall,,Persia Food,"{'addr:housenumber': '6791', 'addr:street': 'Kingsway', 'name': 'Persia Food', 'shop': 'supermarket', 'website': 'http://www.persiafoods.ca/'}"
244,49.2260802,-122.999689,2023-07-27 03:48:07+00:00,,shopMall,,Below the Belt,"{'addr:housenumber': '4700', 'addr:street': 'Kingsway', 'addr:unit': '1207', 'name': 'Below the Belt', 'phone': '+1-604-439-0070', 'shop': 'clothes', 'website': 'https://www.belowthebelt.com/blogs/store-data/below-the-belt-metropolis-at-metrotown', 'wheelchair': 'yes'}"
245,49.2265096,-123.0017833,2023-07-27 03:48:07+00:00,,shopMall,,Guess,"{'brand': 'Guess', 'brand:wikidata': 'Q2470307', 'name': 'Guess', 'shop': 'clothes', 'wheelchair': 'yes'}"
246,49.2287892,-123.005089,2023-07-27 03:48:07+00:00,,shopMall,,Pine House Bakery,"{'check_date': '2022-11-20', 'name': 'Pine House Bakery', 'shop': 'bakery'}"
247,49.2289032,-123.0052843,2023-07-27 03:48:07+00:00,,shopMall,,Seafood World,"{'check_date': '2022-11-20', 'name': 'Seafood World', 'shop': 'seafood'}"
248,49.2612315,-122.9884518,2023-07-27 03:48:07+00:00,,shopMall,,eF & Be Bakehouse,"{'addr:housenumber': '5279', 'addr:street': 'Still Creek Avenue', 'addr:unit': 'A5', 'cuisine': 'japanese', 'delivery': 'yes', 'email': 'efnbebakehouse@gmail.com', 'name': 'eF & Be Bakehouse', 'phone': '+1-778-954-8793', 'shop': 'bakery', 'website': 'https://www.efnbe.com/'}"
249,49.2814333,-123.0125387,2023-07-27 03:48:07+00:00,,shopMall,,Stop n Go,"{'check_date': '2023-03-20', 'name': 'Stop n Go', 'shop': 'convenience'}"
250,49.2176684,-122.971346,2023-07-27 03:48:07+00:00,,shopMall,,Nana's Bakery,"{'addr:housenumber': '6329', 'addr:street': 'Beresford Street', 'check_date': '2023-05-06', 'name': ""Nana's Bakery"", 'opening_hours': 'Mo-Su 06:00-18:00', 'phone': '+1-604-568-4122', 'shop': 'bakery', 'website': 'https://nanasbakery.ca/'}"
251,49.2257125,-122.998048,2023-07-27 03:48:07+00:00,,shopMall,,Vans,"{'addr:housenumber': '4800', 'addr:street': 'Kingsway', 'addr:unit': '268', 'brand': 'Vans', 'brand:wikidata': 'Q1135366', 'check_date': '2023-06-25', 'level': '0', 'name': 'Vans', 'phone': '+1-604-436-0719', 'shop': 'shoes', 'website': 'https://www.vans.ca/en-ca/stores/bc/burnaby/can8123'}"
252,49.2253648,-122.997593,2023-07-27 03:48:07+00:00,,shopMall,,Baby EnRoute,"{'addr:housenumber': '4820', 'addr:street': 'Kingsway', 'check_date': '2023-06-25', 'level': '0', 'name': 'Baby EnRoute', 'opening_hours': 'Mo-Sa 10:00-19:00; Su 11:00-19:00', 'phone': '+1-604-438-3416', 'shop': 'baby_goods', 'website': 'https://www.babyenroute.com/'}"
